"","Page","Company_Name","Position_Name","Location_Name"
"1",999,"Hiebing","MediaCoordinator","MadisonWI"
"2",999,"Ballotpedia","NewsResearcherRemote","MiddletonTownWI"
"3",999,"FutranSolutions","ITITAnalystII","MadisonWI"
"4",999,"ExpressEmploymentInternational","DataEntryProcessor","SunPrairieTownWI"
"5",999,"ReinhartBoernerVanDeurensc","ITIntern","MadisonWI"
"6",999,"Hiebing","MediaPlanner","MadisonWI"
"7",999,"WisconsinCollaborativeforHealthcareQuality","DataAnalyst","MadisonWI"
"8",999,"UniversityofWisconsinMadison","DATASCIENTIST","MadisonWI"
"9",999,"Fetch","DataScientistDeepLearning","MadisonWI"
"10",999,"Indeavor","MarketingCommunicationsCoordinator","MadisonWI"
"11",999,"Rentable","DataEngineer","MadisonWI"
"12",999,"ExpressEmploymentInternational","DataEntry","DeForestWI"
"13",999,"StateofWisconsin","EducationDirectorITProgramsandInstructionalDataSystems80Remote","MadisonWI"
"14",999,"F2Onsite","ITSupportHelpDeskResource","MadisonWI"
"15",999,"Hiebing","PRSocialMediaContentAccountCoordinator","MadisonWI"
"16",999,"EnvironmentalDataInitiative","DataManager","MadisonWI"
"17",999,"StateofWisconsin","FinancialBusinessAnalyst","MadisonWI"
"18",999,"MadCityWindowsBaths","DataEntrySpecialistInOffice","MadisonWI"
"19",999,"StateofWisconsin","GovernmentRecordsandDigitalProjectSpecialistLTE","MadisonWI"
"20",999,"TrachteLLC","FinancialPlanningBusinessAnalyst","OregonTownWI"
"21",999,"BendHealth","DataEngineer","MadisonWI"
"22",999,"Fetch","DataEngineer","MadisonWI"
"23",999,"GeorgetownUniversity","DataManagerAnalystfulltimeSRBSRServicesGeorgetownUniversityMedicalCenter","GreaterMadisonArea"
"24",0,"Hiebing","MediaCoordinator","MadisonWI"
"25",0,"Ballotpedia","NewsResearcherRemote","MiddletonTownWI"
"26",0,"ExpressEmploymentInternational","DataEntryProcessor","SunPrairieTownWI"
"27",0,"ReinhartBoernerVanDeurensc","ITIntern","MadisonWI"
"28",0,"Hiebing","MediaPlanner","MadisonWI"
"29",0,"WisconsinCollaborativeforHealthcareQuality","DataAnalyst","MadisonWI"
"30",0,"UniversityofWisconsinMadison","DATASCIENTIST","MadisonWI"
"31",0,"Fetch","DataScientistDeepLearning","MadisonWI"
"32",0,"StateofWisconsin","CorrectionsInvestigator","MadisonWI"
"33",0,"Indeavor","MarketingCommunicationsCoordinator","MadisonWI"
"34",0,"Rentable","DataEngineer","MadisonWI"
"35",0,"ExpressEmploymentInternational","DataEntry","DeForestWI"
"36",0,"StateofWisconsin","EducationDirectorITProgramsandInstructionalDataSystems80Remote","MadisonWI"
"37",0,"F2Onsite","ITSupportHelpDeskResource","MadisonWI"
"38",0,"Hiebing","PRSocialMediaContentAccountCoordinator","MadisonWI"
"39",0,"FutranSolutions","ITITAnalystII","MadisonWI"
"40",0,"EnvironmentalDataInitiative","DataManager","MadisonWI"
"41",0,"StateofWisconsin","FinancialBusinessAnalyst","MadisonWI"
"42",0,"MadCityWindowsBaths","DataEntrySpecialistInOffice","MadisonWI"
"43",0,"StateofWisconsin","GovernmentRecordsandDigitalProjectSpecialistLTE","MadisonWI"
"44",0,"TrachteLLC","FinancialPlanningBusinessAnalyst","OregonTownWI"
"45",0,"BendHealth","DataEngineer","MadisonWI"
"46",0,"Fetch","DataEngineer","MadisonWI"
"47",1,"Hiebing","MediaCoordinator","MadisonWI"
"48",1,"StateofWisconsin","EducationDirectorITProgramsandInstructionalDataSystems80Remote","MadisonWI"
"49",1,"Ballotpedia","NewsResearcherRemote","MiddletonTownWI"
"50",1,"FutranSolutions","ITITAnalystII","MadisonWI"
"51",1,"ExpressEmploymentInternational","DataEntryProcessor","SunPrairieTownWI"
"52",1,"ReinhartBoernerVanDeurensc","ITIntern","MadisonWI"
"53",1,"Hiebing","MediaPlanner","MadisonWI"
"54",1,"WisconsinCollaborativeforHealthcareQuality","DataAnalyst","MadisonWI"
"55",1,"UniversityofWisconsinMadison","DATASCIENTIST","MadisonWI"
"56",1,"Fetch","DataScientistDeepLearning","MadisonWI"
"57",1,"Indeavor","MarketingCommunicationsCoordinator","MadisonWI"
"58",1,"Rentable","DataEngineer","MadisonWI"
"59",1,"ExpressEmploymentInternational","DataEntry","DeForestWI"
"60",1,"Hiebing","PRSocialMediaContentAccountCoordinator","MadisonWI"
"61",1,"EnvironmentalDataInitiative","DataManager","MadisonWI"
"62",1,"StateofWisconsin","FinancialBusinessAnalyst","MadisonWI"
"63",1,"MadCityWindowsBaths","DataEntrySpecialistInOffice","MadisonWI"
"64",1,"StateofWisconsin","GovernmentRecordsandDigitalProjectSpecialistLTE","MadisonWI"
"65",1,"TrachteLLC","FinancialPlanningBusinessAnalyst","OregonTownWI"
"66",1,"BendHealth","DataEngineer","MadisonWI"
"67",1,"Fetch","DataEngineer","MadisonWI"
"68",1,"GeorgetownUniversity","DataManagerAnalystfulltimeSRBSRServicesGeorgetownUniversityMedicalCenter","GreaterMadisonArea"
"69",1,"Slipstream","EnergySolutionsResearchIntern","MadisonWI"
"70",1,"RobertHalf","DataEntry","MadisonWI"
"71",2,"Hiebing","MediaCoordinator","MadisonWI"
"72",2,"StateofWisconsin","EducationDirectorITProgramsandInstructionalDataSystems80Remote","MadisonWI"
"73",2,"Ballotpedia","NewsResearcherRemote","MiddletonTownWI"
"74",2,"FutranSolutions","ITITAnalystII","MadisonWI"
"75",2,"ExpressEmploymentInternational","DataEntryProcessor","SunPrairieTownWI"
"76",2,"ReinhartBoernerVanDeurensc","ITIntern","MadisonWI"
"77",2,"Hiebing","MediaPlanner","MadisonWI"
"78",2,"WisconsinCollaborativeforHealthcareQuality","DataAnalyst","MadisonWI"
"79",2,"UniversityofWisconsinMadison","DATASCIENTIST","MadisonWI"
"80",2,"Fetch","DataScientistDeepLearning","MadisonWI"
"81",2,"Indeavor","MarketingCommunicationsCoordinator","MadisonWI"
"82",2,"Rentable","DataEngineer","MadisonWI"
"83",2,"ExpressEmploymentInternational","DataEntry","DeForestWI"
"84",2,"Hiebing","PRSocialMediaContentAccountCoordinator","MadisonWI"
"85",2,"EnvironmentalDataInitiative","DataManager","MadisonWI"
"86",2,"StateofWisconsin","FinancialBusinessAnalyst","MadisonWI"
"87",2,"MadCityWindowsBaths","DataEntrySpecialistInOffice","MadisonWI"
"88",2,"StateofWisconsin","GovernmentRecordsandDigitalProjectSpecialistLTE","MadisonWI"
"89",2,"TrachteLLC","FinancialPlanningBusinessAnalyst","OregonTownWI"
"90",2,"BendHealth","DataEngineer","MadisonWI"
"91",2,"Fetch","DataEngineer","MadisonWI"
"92",2,"GeorgetownUniversity","DataManagerAnalystfulltimeSRBSRServicesGeorgetownUniversityMedicalCenter","GreaterMadisonArea"
"93",2,"Slipstream","EnergySolutionsResearchIntern","MadisonWI"
"94",2,"RobertHalf","DataEntry","MadisonWI"
"95",3,"CarexConsultingGroup","DataCaptureAnalystONSITE","MadisonWI"
"96",3,"JRHRecruitingandConsulting","MasterDataAnalyst","MadisonWI"
"97",3,"Epic","BusinessSystemsAnalyst","MadisonWI"
"98",3,"FamiliaDental","FPAAnalystHybrid","MadisonWI"
"99",3,"StateofWisconsin","EmployeeDevelopmentSpecialist","MadisonWI"
"100",3,"LakeRidgeBank","ITHelpDeskSpecialist","VeronaWI"
"101",3,"TeamSoft","WorkdaySystemsAnalyst","MadisonWI"
"102",3,"AmericanPackagingCorporation","CorporateFinanceManager","ColumbusWI"
"103",3,"UniversityofWisconsinMadison","BUDGETANDFINANCIALANALYST","MadisonWI"
"104",3,"MadisonAreaTechnicalCollege","AssociateBudgetPolicyAnalystEXTENDEDPOSTING","MadisonWI"
"105",3,"StarionBank","ComputerNetworkSpecialist","MiddletonWI"
"106",3,"Google","StudentResearcherBS2023","MadisonWI"
"107",3,"StateofWisconsin","UrbanandRegionalPlanner","MadisonWI"
"108",3,"USGeologicalSurveyUSGS","BiologicalScienceLaboratoryTechnician","MadisonWI"
"109",3,"BendHealth","MarketingManager","MadisonWI"
"110",3,"CertecInc","QualityAssuranceAnalystIII935","MadisonWI"
"111",3,"DiverseLynx","DatabaseAdministratorIRemote","MadisonWI"
"112",3,"BusinessCommunicationSolutions","PythonProgrammer","MadisonWI"
"113",3,"StateofWisconsin","ClaimsRecoverySpecialist","MadisonWI"
"114",3,"COOPbyRyder","COOPDataAnalyst","MadisonWI"
"115",3,"Illumina","HeadofDigitalTechnology","MadisonWI"
"116",3,"AlliantEnergy","ITAnalystI","MadisonWI"
"117",3,"RobertHalf","DataEngineer","MadisonWI"
"118",3,"Indeavor","ImplementationConsultant","MadisonWI"
"119",3,"CGI","BusinessAnalystEntryLevel","MadisonWI"
"120",4,"Hiebing","MediaCoordinator","MadisonWI"
"121",4,"StateofWisconsin","EducationDirectorITProgramsandInstructionalDataSystems80Remote","MadisonWI"
"122",4,"Ballotpedia","NewsResearcherRemote","MiddletonTownWI"
"123",4,"FutranSolutions","ITITAnalystII","MadisonWI"
"124",4,"ExpressEmploymentInternational","DataEntryProcessor","SunPrairieTownWI"
"125",4,"ReinhartBoernerVanDeurensc","ITIntern","MadisonWI"
"126",4,"Hiebing","MediaPlanner","MadisonWI"
"127",4,"WisconsinCollaborativeforHealthcareQuality","DataAnalyst","MadisonWI"
"128",4,"UniversityofWisconsinMadison","DATASCIENTIST","MadisonWI"
"129",4,"Fetch","DataScientistDeepLearning","MadisonWI"
"130",4,"Indeavor","MarketingCommunicationsCoordinator","MadisonWI"
"131",4,"Rentable","DataEngineer","MadisonWI"
"132",4,"ExpressEmploymentInternational","DataEntry","DeForestWI"
"133",4,"Hiebing","PRSocialMediaContentAccountCoordinator","MadisonWI"
"134",4,"EnvironmentalDataInitiative","DataManager","MadisonWI"
"135",4,"StateofWisconsin","FinancialBusinessAnalyst","MadisonWI"
"136",4,"MadCityWindowsBaths","DataEntrySpecialistInOffice","MadisonWI"
"137",4,"StateofWisconsin","GovernmentRecordsandDigitalProjectSpecialistLTE","MadisonWI"
"138",4,"TrachteLLC","FinancialPlanningBusinessAnalyst","OregonTownWI"
"139",4,"BendHealth","DataEngineer","MadisonWI"
"140",4,"Fetch","DataEngineer","MadisonWI"
"141",4,"GeorgetownUniversity","DataManagerAnalystfulltimeSRBSRServicesGeorgetownUniversityMedicalCenter","GreaterMadisonArea"
"142",4,"Slipstream","EnergySolutionsResearchIntern","MadisonWI"
"143",4,"RobertHalf","DataEntry","MadisonWI"
"144",5,"Hiebing","MediaCoordinator","MadisonWI"
"145",5,"Ballotpedia","NewsResearcherRemote","MiddletonTownWI"
"146",5,"ExpressEmploymentInternational","DataEntryProcessor","SunPrairieTownWI"
"147",5,"ReinhartBoernerVanDeurensc","ITIntern","MadisonWI"
"148",5,"Hiebing","MediaPlanner","MadisonWI"
"149",5,"WisconsinCollaborativeforHealthcareQuality","DataAnalyst","MadisonWI"
"150",5,"UniversityofWisconsinMadison","DATASCIENTIST","MadisonWI"
"151",5,"Fetch","DataScientistDeepLearning","MadisonWI"
"152",5,"StateofWisconsin","CorrectionsInvestigator","MadisonWI"
"153",5,"Indeavor","MarketingCommunicationsCoordinator","MadisonWI"
"154",5,"Rentable","DataEngineer","MadisonWI"
"155",5,"ExpressEmploymentInternational","DataEntry","DeForestWI"
"156",5,"StateofWisconsin","EducationDirectorITProgramsandInstructionalDataSystems80Remote","MadisonWI"
"157",5,"F2Onsite","ITSupportHelpDeskResource","MadisonWI"
"158",5,"Hiebing","PRSocialMediaContentAccountCoordinator","MadisonWI"
"159",5,"FutranSolutions","ITITAnalystII","MadisonWI"
"160",5,"EnvironmentalDataInitiative","DataManager","MadisonWI"
"161",5,"StateofWisconsin","FinancialBusinessAnalyst","MadisonWI"
"162",5,"MadCityWindowsBaths","DataEntrySpecialistInOffice","MadisonWI"
"163",5,"StateofWisconsin","GovernmentRecordsandDigitalProjectSpecialistLTE","MadisonWI"
"164",5,"TrachteLLC","FinancialPlanningBusinessAnalyst","OregonTownWI"
"165",5,"BendHealth","DataEngineer","MadisonWI"
"166",5,"Fetch","DataEngineer","MadisonWI"
"167",6,"Hiebing","MediaCoordinator","MadisonWI"
"168",6,"Ballotpedia","NewsResearcherRemote","MiddletonTownWI"
"169",6,"ExpressEmploymentInternational","DataEntryProcessor","SunPrairieTownWI"
"170",6,"ReinhartBoernerVanDeurensc","ITIntern","MadisonWI"
"171",6,"Hiebing","MediaPlanner","MadisonWI"
"172",6,"WisconsinCollaborativeforHealthcareQuality","DataAnalyst","MadisonWI"
"173",6,"UniversityofWisconsinMadison","DATASCIENTIST","MadisonWI"
"174",6,"Fetch","DataScientistDeepLearning","MadisonWI"
"175",6,"StateofWisconsin","CorrectionsInvestigator","MadisonWI"
"176",6,"Indeavor","MarketingCommunicationsCoordinator","MadisonWI"
"177",6,"Rentable","DataEngineer","MadisonWI"
"178",6,"ExpressEmploymentInternational","DataEntry","DeForestWI"
"179",6,"StateofWisconsin","EducationDirectorITProgramsandInstructionalDataSystems80Remote","MadisonWI"
"180",6,"F2Onsite","ITSupportHelpDeskResource","MadisonWI"
"181",6,"Hiebing","PRSocialMediaContentAccountCoordinator","MadisonWI"
"182",6,"FutranSolutions","ITITAnalystII","MadisonWI"
"183",6,"EnvironmentalDataInitiative","DataManager","MadisonWI"
"184",6,"StateofWisconsin","FinancialBusinessAnalyst","MadisonWI"
"185",6,"MadCityWindowsBaths","DataEntrySpecialistInOffice","MadisonWI"
"186",6,"StateofWisconsin","GovernmentRecordsandDigitalProjectSpecialistLTE","MadisonWI"
"187",6,"TrachteLLC","FinancialPlanningBusinessAnalyst","OregonTownWI"
"188",6,"BendHealth","DataEngineer","MadisonWI"
"189",6,"Fetch","DataEngineer","MadisonWI"
"190",7,"Hiebing","MediaCoordinator","MadisonWI"
"191",7,"Ballotpedia","NewsResearcherRemote","MiddletonTownWI"
"192",7,"FutranSolutions","ITITAnalystII","MadisonWI"
"193",7,"ExpressEmploymentInternational","DataEntryProcessor","SunPrairieTownWI"
"194",7,"ReinhartBoernerVanDeurensc","ITIntern","MadisonWI"
"195",7,"Hiebing","MediaPlanner","MadisonWI"
"196",7,"WisconsinCollaborativeforHealthcareQuality","DataAnalyst","MadisonWI"
"197",7,"UniversityofWisconsinMadison","DATASCIENTIST","MadisonWI"
"198",7,"Fetch","DataScientistDeepLearning","MadisonWI"
"199",7,"Indeavor","MarketingCommunicationsCoordinator","MadisonWI"
"200",7,"Rentable","DataEngineer","MadisonWI"
"201",7,"ExpressEmploymentInternational","DataEntry","DeForestWI"
"202",7,"StateofWisconsin","EducationDirectorITProgramsandInstructionalDataSystems80Remote","MadisonWI"
"203",7,"F2Onsite","ITSupportHelpDeskResource","MadisonWI"
"204",7,"Hiebing","PRSocialMediaContentAccountCoordinator","MadisonWI"
"205",7,"EnvironmentalDataInitiative","DataManager","MadisonWI"
"206",7,"StateofWisconsin","FinancialBusinessAnalyst","MadisonWI"
"207",7,"MadCityWindowsBaths","DataEntrySpecialistInOffice","MadisonWI"
"208",7,"StateofWisconsin","GovernmentRecordsandDigitalProjectSpecialistLTE","MadisonWI"
"209",7,"TrachteLLC","FinancialPlanningBusinessAnalyst","OregonTownWI"
"210",7,"BendHealth","DataEngineer","MadisonWI"
"211",7,"Fetch","DataEngineer","MadisonWI"
"212",7,"GeorgetownUniversity","DataManagerAnalystfulltimeSRBSRServicesGeorgetownUniversityMedicalCenter","GreaterMadisonArea"
"213",8,"Hiebing","MediaCoordinator","MadisonWI"
"214",8,"Ballotpedia","NewsResearcherRemote","MiddletonTownWI"
"215",8,"FutranSolutions","ITITAnalystII","MadisonWI"
"216",8,"ExpressEmploymentInternational","DataEntryProcessor","SunPrairieTownWI"
"217",8,"ReinhartBoernerVanDeurensc","ITIntern","MadisonWI"
"218",8,"Hiebing","MediaPlanner","MadisonWI"
"219",8,"WisconsinCollaborativeforHealthcareQuality","DataAnalyst","MadisonWI"
"220",8,"UniversityofWisconsinMadison","DATASCIENTIST","MadisonWI"
"221",8,"Fetch","DataScientistDeepLearning","MadisonWI"
"222",8,"Indeavor","MarketingCommunicationsCoordinator","MadisonWI"
"223",8,"Rentable","DataEngineer","MadisonWI"
"224",8,"ExpressEmploymentInternational","DataEntry","DeForestWI"
"225",8,"StateofWisconsin","EducationDirectorITProgramsandInstructionalDataSystems80Remote","MadisonWI"
"226",8,"F2Onsite","ITSupportHelpDeskResource","MadisonWI"
"227",8,"Hiebing","PRSocialMediaContentAccountCoordinator","MadisonWI"
"228",8,"EnvironmentalDataInitiative","DataManager","MadisonWI"
"229",8,"StateofWisconsin","FinancialBusinessAnalyst","MadisonWI"
"230",8,"MadCityWindowsBaths","DataEntrySpecialistInOffice","MadisonWI"
"231",8,"StateofWisconsin","GovernmentRecordsandDigitalProjectSpecialistLTE","MadisonWI"
"232",8,"TrachteLLC","FinancialPlanningBusinessAnalyst","OregonTownWI"
"233",8,"BendHealth","DataEngineer","MadisonWI"
"234",8,"Fetch","DataEngineer","MadisonWI"
"235",8,"GeorgetownUniversity","DataManagerAnalystfulltimeSRBSRServicesGeorgetownUniversityMedicalCenter","GreaterMadisonArea"
"236",9,"Hiebing","MediaCoordinator","MadisonWI"
"237",9,"Ballotpedia","NewsResearcherRemote","MiddletonTownWI"
"238",9,"FutranSolutions","ITITAnalystII","MadisonWI"
"239",9,"ExpressEmploymentInternational","DataEntryProcessor","SunPrairieTownWI"
"240",9,"ReinhartBoernerVanDeurensc","ITIntern","MadisonWI"
"241",9,"Hiebing","MediaPlanner","MadisonWI"
"242",9,"WisconsinCollaborativeforHealthcareQuality","DataAnalyst","MadisonWI"
"243",9,"UniversityofWisconsinMadison","DATASCIENTIST","MadisonWI"
"244",9,"Fetch","DataScientistDeepLearning","MadisonWI"
"245",9,"Indeavor","MarketingCommunicationsCoordinator","MadisonWI"
"246",9,"Rentable","DataEngineer","MadisonWI"
"247",9,"ExpressEmploymentInternational","DataEntry","DeForestWI"
"248",9,"StateofWisconsin","EducationDirectorITProgramsandInstructionalDataSystems80Remote","MadisonWI"
"249",9,"F2Onsite","ITSupportHelpDeskResource","MadisonWI"
"250",9,"Hiebing","PRSocialMediaContentAccountCoordinator","MadisonWI"
"251",9,"EnvironmentalDataInitiative","DataManager","MadisonWI"
"252",9,"StateofWisconsin","FinancialBusinessAnalyst","MadisonWI"
"253",9,"MadCityWindowsBaths","DataEntrySpecialistInOffice","MadisonWI"
"254",9,"StateofWisconsin","GovernmentRecordsandDigitalProjectSpecialistLTE","MadisonWI"
"255",9,"TrachteLLC","FinancialPlanningBusinessAnalyst","OregonTownWI"
"256",9,"BendHealth","DataEngineer","MadisonWI"
"257",9,"Fetch","DataEngineer","MadisonWI"
"258",9,"GeorgetownUniversity","DataManagerAnalystfulltimeSRBSRServicesGeorgetownUniversityMedicalCenter","GreaterMadisonArea"
