"","X","Page","Position_Name","Company_Name","Location_Name","Search"
"1",1,999,"PDISoftware","JuniorDataOperationAnalyst","ChicagoIL","Greater Chicago Area"
"2",2,999,"Walgreens","DataScientist","DeerfieldIL","Greater Chicago Area"
"3",3,999,"TradingTechnologies","BusinessIntelligenceAnalyst","ChicagoIL","Greater Chicago Area"
"4",4,999,"Walgreens","AnalystDigitalCommerceStrategyPlanning","ChicagoIL","Greater Chicago Area"
"5",5,999,"CVSHealth","Analyst","ChicagoIL","Greater Chicago Area"
"6",6,999,"ChicagoTeachersPensionFund","DataAnalyst","ChicagoIL","Greater Chicago Area"
"7",7,999,"Walgreens","DataScientist","DeerfieldIL","Greater Chicago Area"
"8",8,999,"NorthwesternMemorialHospital","AnalyticsDeveloper","ChicagoIL","Greater Chicago Area"
"9",9,999,"CVSHealth","Analyst","ChicagoIL","Greater Chicago Area"
"10",10,999,"TheMatherGroupLLC","TradingAnalyst","GreaterChicagoArea","Greater Chicago Area"
"11",11,999,"ConfidentialJobs","VicePresidentofDataAnalytics","ChicagoIL","Greater Chicago Area"
"12",12,999,"Huge","DataScientist","ChicagoIL","Greater Chicago Area"
"13",13,999,"PepsiCo","DataAnalyticsSpecialist","ChicagoIL","Greater Chicago Area"
"14",14,999,"ITW","DataAnalyst","GlenviewIL","Greater Chicago Area"
"15",15,999,"PayPal","DataScientist","ChicagoIL","Greater Chicago Area"
"16",16,999,"PDISoftware","DataEngineerI","ChicagoIL","Greater Chicago Area"
"17",17,999,"ITW","MarketingDataAnalyst","CarolStreamIL","Greater Chicago Area"
"18",18,999,"Paylocity","DataAnalystAccountingOperations","SchaumburgIL","Greater Chicago Area"
"19",19,999,"CharlesSchwab","SeniorDataAnalystSASProgrammerAnalyst","ChicagoIL","Greater Chicago Area"
"20",20,999,"CostcoWholesale","DataAnalystDataGovernance","ChicagoIL","Greater Chicago Area"
"21",21,999,"SupernovaTechnology","DataAnalyst","ChicagoIL","Greater Chicago Area"
"22",22,999,"Assurant","DataAnalyst","ChicagoIL","Greater Chicago Area"
"23",23,999,"CharlesSchwab","StatisticalAnalystDigitalServicesAnalytics","ChicagoIL","Greater Chicago Area"
"24",24,999,"AspenDental","DataAnalystCategoryMarketing","ChicagoIL","Greater Chicago Area"
"25",25,999,"AlliedBenefitSystems","DataAnalyst","ChicagoIL","Greater Chicago Area"
"26",26,0,"JrDataScientist","PeritusHub","ChicagoIL","Greater Chicago Area"
"27",27,0,"JuniorDataOperationAnalyst","PDISoftware","ChicagoIL","Greater Chicago Area"
"28",28,0,"DataScientist","Walgreens","ChicagoIL","Greater Chicago Area"
"29",29,0,"DataScientist","Walgreens","DeerfieldIL","Greater Chicago Area"
"30",30,0,"BusinessIntelligenceAnalyst","TradingTechnologies","ChicagoIL","Greater Chicago Area"
"31",31,0,"AnalystDigitalCommerceStrategyPlanning","Walgreens","ChicagoIL","Greater Chicago Area"
"32",32,0,"Analyst","CVSHealth","ChicagoIL","Greater Chicago Area"
"33",33,0,"DataAnalyst","ChicagoTeachersPensionFund","ChicagoIL","Greater Chicago Area"
"34",34,0,"DataScientist","Walgreens","DeerfieldIL","Greater Chicago Area"
"35",35,0,"Analyst","CVSHealth","ChicagoIL","Greater Chicago Area"
"36",36,0,"RiskDataandAnalyticsAssociate","ABNAMROClearingChicagoLLC","ChicagoIL","Greater Chicago Area"
"37",37,0,"TradingAnalyst","TheMatherGroupLLC","GreaterChicagoArea","Greater Chicago Area"
"38",38,0,"AnalyticsDeveloper","NorthwesternMemorialHospital","ChicagoIL","Greater Chicago Area"
"39",39,0,"VicePresidentofDataAnalytics","ConfidentialJobs","ChicagoIL","Greater Chicago Area"
"40",40,0,"DataScientist","Huge","ChicagoIL","Greater Chicago Area"
"41",41,0,"PythonDeveloper","BankofAmerica","ChicagoIL","Greater Chicago Area"
"42",42,0,"MarketingDataAnalyst","ITW","CarolStreamIL","Greater Chicago Area"
"43",43,0,"DataAnalyticsSpecialist","PepsiCo","ChicagoIL","Greater Chicago Area"
"44",44,0,"DataAnalyst","ITW","GlenviewIL","Greater Chicago Area"
"45",45,0,"DataScientist","PayPal","ChicagoIL","Greater Chicago Area"
"46",46,0,"DataEngineerI","PDISoftware","ChicagoIL","Greater Chicago Area"
"47",47,0,"DataAnalystAccountingOperations","Paylocity","SchaumburgIL","Greater Chicago Area"
"48",48,0,"SeniorDataAnalystSASProgrammerAnalyst","CharlesSchwab","ChicagoIL","Greater Chicago Area"
"49",49,0,"DataAnalystDataGovernance","CostcoWholesale","ChicagoIL","Greater Chicago Area"
"50",50,0,"DataAnalyst","SupernovaTechnology","ChicagoIL","Greater Chicago Area"
"51",51,1,"JuniorAnalystInvestmentConsultancyandOversightNorthAmericaEquity","JobsviaeFinancialCareers","ChicagoIL","Greater Chicago Area"
"52",52,1,"SeniorAssociateAnalytics","dentsuMedia","ChicagoIL","Greater Chicago Area"
"53",53,1,"DataAnalyticsAnalystRealEstate","1872Consulting","ChicagoIL","Greater Chicago Area"
"54",54,1,"DataScientist","PayPal","ChicagoIL","Greater Chicago Area"
"55",55,1,"DataAnalystDataGovernance","CostcoWholesale","ChicagoIL","Greater Chicago Area"
"56",56,1,"SRAnalystReportingAnalyticsRemote","Walgreens","DeerfieldIL","Greater Chicago Area"
"57",57,1,"DataAnalyst","Realtorcom","ChicagoIL","Greater Chicago Area"
"58",58,1,"SeniorDataAnalystSASProgrammerAnalyst","CharlesSchwab","ChicagoIL","Greater Chicago Area"
"59",59,1,"DataAnalyst","ITW","GlenviewIL","Greater Chicago Area"
"60",60,1,"Analyst","AkoyaCapitalLLC","ChicagoIL","Greater Chicago Area"
"61",61,1,"EntryLevelDataAnalyst","Staffigo","ChicagoIL","Greater Chicago Area"
"62",62,1,"EntryLevelDataAnalyst","Staffigo","ChicagoIL","Greater Chicago Area"
"63",63,1,"DataAnalyticsSpecialist","PepsiCo","ChicagoIL","Greater Chicago Area"
"64",64,1,"Analyst","CVSHealth","ChicagoIL","Greater Chicago Area"
"65",65,1,"BusinessAnalyticsSeniorAnalyst","CVSHealth","ChicagoIL","Greater Chicago Area"
"66",66,1,"OperationsDataAnalysisIntern","TTXCompany","ChicagoIL","Greater Chicago Area"
"67",67,1,"BusinessIntelligenceAnalyst","EmonicsLLC","ChicagoIL","Greater Chicago Area"
"68",68,1,"BusinessIntelligenceAnalyst","NorthShoreUniversityHealthSystem","SkokieIL","Greater Chicago Area"
"69",69,1,"JuniorAnalystInvestmentConsultancyandOversightNorthAmericaEquity","AmeripriseFinancialServicesLLC","ChicagoIL","Greater Chicago Area"
"70",70,1,"StatisticalAnalystDigitalServicesAnalytics","CharlesSchwab","ChicagoIL","Greater Chicago Area"
"71",71,1,"OperationsDataAnalystRetailFocus","NielsenIQ","ChicagoIL","Greater Chicago Area"
"72",72,1,"Statistician","SocietyforVascularSurgery","RosemontIL","Greater Chicago Area"
"73",73,1,"InformationAnalyst","TheJudgeGroup","ChicagoIL","Greater Chicago Area"
"74",74,1,"AssociateDataScientist","ZurichNorthAmerica","SchaumburgIL","Greater Chicago Area"
"75",75,1,"AssocBusinessAnalyst","Exelon","OakBrookIL","Greater Chicago Area"
"76",76,2,"JuniorDataOperationAnalyst","PDISoftware","ChicagoIL","Greater Chicago Area"
"77",77,2,"DataScientist","Walgreens","ChicagoIL","Greater Chicago Area"
"78",78,2,"DataScientist","Walgreens","DeerfieldIL","Greater Chicago Area"
"79",79,2,"BusinessIntelligenceAnalyst","TradingTechnologies","ChicagoIL","Greater Chicago Area"
"80",80,2,"AnalystDigitalCommerceStrategyPlanning","Walgreens","ChicagoIL","Greater Chicago Area"
"81",81,2,"Analyst","CVSHealth","ChicagoIL","Greater Chicago Area"
"82",82,2,"DataAnalyst","ChicagoTeachersPensionFund","ChicagoIL","Greater Chicago Area"
"83",83,2,"DataScientist","Walgreens","DeerfieldIL","Greater Chicago Area"
"84",84,2,"AnalyticsDeveloper","NorthwesternMemorialHospital","ChicagoIL","Greater Chicago Area"
"85",85,2,"Analyst","CVSHealth","ChicagoIL","Greater Chicago Area"
"86",86,2,"TradingAnalyst","TheMatherGroupLLC","GreaterChicagoArea","Greater Chicago Area"
"87",87,2,"VicePresidentofDataAnalytics","ConfidentialJobs","ChicagoIL","Greater Chicago Area"
"88",88,2,"DataScientist","Huge","ChicagoIL","Greater Chicago Area"
"89",89,2,"PythonDeveloper","BankofAmerica","ChicagoIL","Greater Chicago Area"
"90",90,2,"MarketingDataAnalyst","ITW","CarolStreamIL","Greater Chicago Area"
"91",91,2,"DataAnalyticsSpecialist","PepsiCo","ChicagoIL","Greater Chicago Area"
"92",92,2,"DataAnalyst","ITW","GlenviewIL","Greater Chicago Area"
"93",93,2,"DataScientist","PayPal","ChicagoIL","Greater Chicago Area"
"94",94,2,"DataAnalystAccountingOperations","Paylocity","SchaumburgIL","Greater Chicago Area"
"95",95,2,"SeniorDataAnalystSASProgrammerAnalyst","CharlesSchwab","ChicagoIL","Greater Chicago Area"
"96",96,2,"DataAnalystDataGovernance","CostcoWholesale","ChicagoIL","Greater Chicago Area"
"97",97,2,"DataAnalyst","SupernovaTechnology","ChicagoIL","Greater Chicago Area"
"98",98,2,"DataAnalyst","Assurant","ChicagoIL","Greater Chicago Area"
"99",99,2,"StatisticalAnalystDigitalServicesAnalytics","CharlesSchwab","ChicagoIL","Greater Chicago Area"
"100",100,2,"DataAnalystCategoryMarketing","AspenDental","ChicagoIL","Greater Chicago Area"
"101",101,3,"JuniorDataOperationAnalyst","PDISoftware","ChicagoIL","Greater Chicago Area"
"102",102,3,"DataScientist","Walgreens","ChicagoIL","Greater Chicago Area"
"103",103,3,"DataScientist","Walgreens","DeerfieldIL","Greater Chicago Area"
"104",104,3,"BusinessIntelligenceAnalyst","TradingTechnologies","ChicagoIL","Greater Chicago Area"
"105",105,3,"AnalystDigitalCommerceStrategyPlanning","Walgreens","ChicagoIL","Greater Chicago Area"
"106",106,3,"Analyst","CVSHealth","ChicagoIL","Greater Chicago Area"
"107",107,3,"DataAnalyst","ChicagoTeachersPensionFund","ChicagoIL","Greater Chicago Area"
"108",108,3,"DataScientist","Walgreens","DeerfieldIL","Greater Chicago Area"
"109",109,3,"AnalyticsDeveloper","NorthwesternMemorialHospital","ChicagoIL","Greater Chicago Area"
"110",110,3,"Analyst","CVSHealth","ChicagoIL","Greater Chicago Area"
"111",111,3,"RiskDataandAnalyticsAssociate","ABNAMROClearingChicagoLLC","ChicagoIL","Greater Chicago Area"
"112",112,3,"TradingAnalyst","TheMatherGroupLLC","GreaterChicagoArea","Greater Chicago Area"
"113",113,3,"VicePresidentofDataAnalytics","ConfidentialJobs","ChicagoIL","Greater Chicago Area"
"114",114,3,"DataScientist","Huge","ChicagoIL","Greater Chicago Area"
"115",115,3,"PythonDeveloper","BankofAmerica","ChicagoIL","Greater Chicago Area"
"116",116,3,"MarketingDataAnalyst","ITW","CarolStreamIL","Greater Chicago Area"
"117",117,3,"DataAnalyticsSpecialist","PepsiCo","ChicagoIL","Greater Chicago Area"
"118",118,3,"DataAnalyst","ITW","GlenviewIL","Greater Chicago Area"
"119",119,3,"DataScientist","PayPal","ChicagoIL","Greater Chicago Area"
"120",120,3,"DataAnalystAccountingOperations","Paylocity","SchaumburgIL","Greater Chicago Area"
"121",121,3,"SeniorDataAnalystSASProgrammerAnalyst","CharlesSchwab","ChicagoIL","Greater Chicago Area"
"122",122,3,"DataAnalystDataGovernance","CostcoWholesale","ChicagoIL","Greater Chicago Area"
"123",123,3,"DataAnalyst","SupernovaTechnology","ChicagoIL","Greater Chicago Area"
"124",124,3,"DataAnalyst","Assurant","ChicagoIL","Greater Chicago Area"
"125",125,3,"StatisticalAnalystDigitalServicesAnalytics","CharlesSchwab","ChicagoIL","Greater Chicago Area"
"126",126,4,"JuniorDataOperationAnalyst","PDISoftware","ChicagoIL","Greater Chicago Area"
"127",127,4,"DataScientist","Walgreens","DeerfieldIL","Greater Chicago Area"
"128",128,4,"BusinessIntelligenceAnalyst","TradingTechnologies","ChicagoIL","Greater Chicago Area"
"129",129,4,"AnalystDigitalCommerceStrategyPlanning","Walgreens","ChicagoIL","Greater Chicago Area"
"130",130,4,"Analyst","CVSHealth","ChicagoIL","Greater Chicago Area"
"131",131,4,"DataAnalyst","ChicagoTeachersPensionFund","ChicagoIL","Greater Chicago Area"
"132",132,4,"DataScientist","Walgreens","DeerfieldIL","Greater Chicago Area"
"133",133,4,"AnalyticsDeveloper","NorthwesternMemorialHospital","ChicagoIL","Greater Chicago Area"
"134",134,4,"Analyst","CVSHealth","ChicagoIL","Greater Chicago Area"
"135",135,4,"TradingAnalyst","TheMatherGroupLLC","GreaterChicagoArea","Greater Chicago Area"
"136",136,4,"VicePresidentofDataAnalytics","ConfidentialJobs","ChicagoIL","Greater Chicago Area"
"137",137,4,"DataScientist","Huge","ChicagoIL","Greater Chicago Area"
"138",138,4,"DataAnalyticsSpecialist","PepsiCo","ChicagoIL","Greater Chicago Area"
"139",139,4,"DataAnalyst","ITW","GlenviewIL","Greater Chicago Area"
"140",140,4,"DataScientist","PayPal","ChicagoIL","Greater Chicago Area"
"141",141,4,"DataEngineerI","PDISoftware","ChicagoIL","Greater Chicago Area"
"142",142,4,"MarketingDataAnalyst","ITW","CarolStreamIL","Greater Chicago Area"
"143",143,4,"DataAnalystAccountingOperations","Paylocity","SchaumburgIL","Greater Chicago Area"
"144",144,4,"SeniorDataAnalystSASProgrammerAnalyst","CharlesSchwab","ChicagoIL","Greater Chicago Area"
"145",145,4,"DataAnalystDataGovernance","CostcoWholesale","ChicagoIL","Greater Chicago Area"
"146",146,4,"DataAnalyst","SupernovaTechnology","ChicagoIL","Greater Chicago Area"
"147",147,4,"DataAnalyst","Assurant","ChicagoIL","Greater Chicago Area"
"148",148,4,"StatisticalAnalystDigitalServicesAnalytics","CharlesSchwab","ChicagoIL","Greater Chicago Area"
"149",149,4,"DataAnalystCategoryMarketing","AspenDental","ChicagoIL","Greater Chicago Area"
"150",150,4,"DataAnalyst","AlliedBenefitSystems","ChicagoIL","Greater Chicago Area"
"151",151,5,"JuniorDataOperationAnalyst","PDISoftware","ChicagoIL","Greater Chicago Area"
"152",152,5,"DataScientist","Walgreens","ChicagoIL","Greater Chicago Area"
"153",153,5,"DataScientist","Walgreens","DeerfieldIL","Greater Chicago Area"
"154",154,5,"BusinessIntelligenceAnalyst","TradingTechnologies","ChicagoIL","Greater Chicago Area"
"155",155,5,"AnalystDigitalCommerceStrategyPlanning","Walgreens","ChicagoIL","Greater Chicago Area"
"156",156,5,"Analyst","CVSHealth","ChicagoIL","Greater Chicago Area"
"157",157,5,"DataAnalyst","ChicagoTeachersPensionFund","ChicagoIL","Greater Chicago Area"
"158",158,5,"DataScientist","Walgreens","DeerfieldIL","Greater Chicago Area"
"159",159,5,"AnalyticsDeveloper","NorthwesternMemorialHospital","ChicagoIL","Greater Chicago Area"
"160",160,5,"Analyst","CVSHealth","ChicagoIL","Greater Chicago Area"
"161",161,5,"RiskDataandAnalyticsAssociate","ABNAMROClearingChicagoLLC","ChicagoIL","Greater Chicago Area"
"162",162,5,"TradingAnalyst","TheMatherGroupLLC","GreaterChicagoArea","Greater Chicago Area"
"163",163,5,"VicePresidentofDataAnalytics","ConfidentialJobs","ChicagoIL","Greater Chicago Area"
"164",164,5,"DataScientist","Huge","ChicagoIL","Greater Chicago Area"
"165",165,5,"PythonDeveloper","BankofAmerica","ChicagoIL","Greater Chicago Area"
"166",166,5,"MarketingDataAnalyst","ITW","CarolStreamIL","Greater Chicago Area"
"167",167,5,"DataAnalyticsSpecialist","PepsiCo","ChicagoIL","Greater Chicago Area"
"168",168,5,"DataAnalyst","ITW","GlenviewIL","Greater Chicago Area"
"169",169,5,"DataScientist","PayPal","ChicagoIL","Greater Chicago Area"
"170",170,5,"DataAnalystAccountingOperations","Paylocity","SchaumburgIL","Greater Chicago Area"
"171",171,5,"SeniorDataAnalystSASProgrammerAnalyst","CharlesSchwab","ChicagoIL","Greater Chicago Area"
"172",172,5,"DataAnalystDataGovernance","CostcoWholesale","ChicagoIL","Greater Chicago Area"
"173",173,5,"DataAnalyst","SupernovaTechnology","ChicagoIL","Greater Chicago Area"
"174",174,5,"DataAnalyst","Assurant","ChicagoIL","Greater Chicago Area"
"175",175,5,"StatisticalAnalystDigitalServicesAnalytics","CharlesSchwab","ChicagoIL","Greater Chicago Area"
"176",176,6,"JrDataScientist","PeritusHub","ChicagoIL","Greater Chicago Area"
"177",177,6,"JuniorDataOperationAnalyst","PDISoftware","ChicagoIL","Greater Chicago Area"
"178",178,6,"DataScientist","Walgreens","ChicagoIL","Greater Chicago Area"
"179",179,6,"DataScientist","Walgreens","DeerfieldIL","Greater Chicago Area"
"180",180,6,"BusinessIntelligenceAnalyst","TradingTechnologies","ChicagoIL","Greater Chicago Area"
"181",181,6,"AnalystDigitalCommerceStrategyPlanning","Walgreens","ChicagoIL","Greater Chicago Area"
"182",182,6,"Analyst","CVSHealth","ChicagoIL","Greater Chicago Area"
"183",183,6,"DataAnalyst","ChicagoTeachersPensionFund","ChicagoIL","Greater Chicago Area"
"184",184,6,"DataScientist","Walgreens","DeerfieldIL","Greater Chicago Area"
"185",185,6,"Analyst","CVSHealth","ChicagoIL","Greater Chicago Area"
"186",186,6,"RiskDataandAnalyticsAssociate","ABNAMROClearingChicagoLLC","ChicagoIL","Greater Chicago Area"
"187",187,6,"TradingAnalyst","TheMatherGroupLLC","GreaterChicagoArea","Greater Chicago Area"
"188",188,6,"AnalyticsDeveloper","NorthwesternMemorialHospital","ChicagoIL","Greater Chicago Area"
"189",189,6,"VicePresidentofDataAnalytics","ConfidentialJobs","ChicagoIL","Greater Chicago Area"
"190",190,6,"DataScientist","Huge","ChicagoIL","Greater Chicago Area"
"191",191,6,"PythonDeveloper","BankofAmerica","ChicagoIL","Greater Chicago Area"
"192",192,6,"MarketingDataAnalyst","ITW","CarolStreamIL","Greater Chicago Area"
"193",193,6,"DataAnalyticsSpecialist","PepsiCo","ChicagoIL","Greater Chicago Area"
"194",194,6,"DataAnalyst","ITW","GlenviewIL","Greater Chicago Area"
"195",195,6,"DataScientist","PayPal","ChicagoIL","Greater Chicago Area"
"196",196,6,"DataEngineerI","PDISoftware","ChicagoIL","Greater Chicago Area"
"197",197,6,"DataAnalystAccountingOperations","Paylocity","SchaumburgIL","Greater Chicago Area"
"198",198,6,"SeniorDataAnalystSASProgrammerAnalyst","CharlesSchwab","ChicagoIL","Greater Chicago Area"
"199",199,6,"DataAnalystDataGovernance","CostcoWholesale","ChicagoIL","Greater Chicago Area"
"200",200,6,"DataAnalyst","SupernovaTechnology","ChicagoIL","Greater Chicago Area"
"201",201,7,"JrDataScientist","PeritusHub","ChicagoIL","Greater Chicago Area"
"202",202,7,"JuniorDataOperationAnalyst","PDISoftware","ChicagoIL","Greater Chicago Area"
"203",203,7,"DataScientist","Walgreens","ChicagoIL","Greater Chicago Area"
"204",204,7,"DataScientist","Walgreens","DeerfieldIL","Greater Chicago Area"
"205",205,7,"BusinessIntelligenceAnalyst","TradingTechnologies","ChicagoIL","Greater Chicago Area"
"206",206,7,"AnalystDigitalCommerceStrategyPlanning","Walgreens","ChicagoIL","Greater Chicago Area"
"207",207,7,"Analyst","CVSHealth","ChicagoIL","Greater Chicago Area"
"208",208,7,"DataAnalyst","ChicagoTeachersPensionFund","ChicagoIL","Greater Chicago Area"
"209",209,7,"DataScientist","Walgreens","DeerfieldIL","Greater Chicago Area"
"210",210,7,"Analyst","CVSHealth","ChicagoIL","Greater Chicago Area"
"211",211,7,"RiskDataandAnalyticsAssociate","ABNAMROClearingChicagoLLC","ChicagoIL","Greater Chicago Area"
"212",212,7,"TradingAnalyst","TheMatherGroupLLC","GreaterChicagoArea","Greater Chicago Area"
"213",213,7,"AnalyticsDeveloper","NorthwesternMemorialHospital","ChicagoIL","Greater Chicago Area"
"214",214,7,"VicePresidentofDataAnalytics","ConfidentialJobs","ChicagoIL","Greater Chicago Area"
"215",215,7,"DataScientist","Huge","ChicagoIL","Greater Chicago Area"
"216",216,7,"PythonDeveloper","BankofAmerica","ChicagoIL","Greater Chicago Area"
"217",217,7,"MarketingDataAnalyst","ITW","CarolStreamIL","Greater Chicago Area"
"218",218,7,"DataAnalyticsSpecialist","PepsiCo","ChicagoIL","Greater Chicago Area"
"219",219,7,"DataAnalyst","ITW","GlenviewIL","Greater Chicago Area"
"220",220,7,"DataScientist","PayPal","ChicagoIL","Greater Chicago Area"
"221",221,7,"DataEngineerI","PDISoftware","ChicagoIL","Greater Chicago Area"
"222",222,7,"DataAnalystAccountingOperations","Paylocity","SchaumburgIL","Greater Chicago Area"
"223",223,7,"SeniorDataAnalystSASProgrammerAnalyst","CharlesSchwab","ChicagoIL","Greater Chicago Area"
"224",224,7,"DataAnalystDataGovernance","CostcoWholesale","ChicagoIL","Greater Chicago Area"
"225",225,7,"DataAnalyst","SupernovaTechnology","ChicagoIL","Greater Chicago Area"
"226",226,8,"JuniorDataOperationAnalyst","PDISoftware","ChicagoIL","Greater Chicago Area"
"227",227,8,"DataScientist","Walgreens","ChicagoIL","Greater Chicago Area"
"228",228,8,"DataScientist","Walgreens","DeerfieldIL","Greater Chicago Area"
"229",229,8,"BusinessIntelligenceAnalyst","TradingTechnologies","ChicagoIL","Greater Chicago Area"
"230",230,8,"AnalystDigitalCommerceStrategyPlanning","Walgreens","ChicagoIL","Greater Chicago Area"
"231",231,8,"Analyst","CVSHealth","ChicagoIL","Greater Chicago Area"
"232",232,8,"DataAnalyst","ChicagoTeachersPensionFund","ChicagoIL","Greater Chicago Area"
"233",233,8,"DataScientist","Walgreens","DeerfieldIL","Greater Chicago Area"
"234",234,8,"AnalyticsDeveloper","NorthwesternMemorialHospital","ChicagoIL","Greater Chicago Area"
"235",235,8,"Analyst","CVSHealth","ChicagoIL","Greater Chicago Area"
"236",236,8,"TradingAnalyst","TheMatherGroupLLC","GreaterChicagoArea","Greater Chicago Area"
"237",237,8,"VicePresidentofDataAnalytics","ConfidentialJobs","ChicagoIL","Greater Chicago Area"
"238",238,8,"DataScientist","Huge","ChicagoIL","Greater Chicago Area"
"239",239,8,"PythonDeveloper","BankofAmerica","ChicagoIL","Greater Chicago Area"
"240",240,8,"MarketingDataAnalyst","ITW","CarolStreamIL","Greater Chicago Area"
"241",241,8,"DataAnalyticsSpecialist","PepsiCo","ChicagoIL","Greater Chicago Area"
"242",242,8,"DataAnalyst","ITW","GlenviewIL","Greater Chicago Area"
"243",243,8,"DataScientist","PayPal","ChicagoIL","Greater Chicago Area"
"244",244,8,"DataAnalystAccountingOperations","Paylocity","SchaumburgIL","Greater Chicago Area"
"245",245,8,"SeniorDataAnalystSASProgrammerAnalyst","CharlesSchwab","ChicagoIL","Greater Chicago Area"
"246",246,8,"DataAnalystDataGovernance","CostcoWholesale","ChicagoIL","Greater Chicago Area"
"247",247,8,"DataAnalyst","SupernovaTechnology","ChicagoIL","Greater Chicago Area"
"248",248,8,"DataAnalyst","Assurant","ChicagoIL","Greater Chicago Area"
"249",249,8,"StatisticalAnalystDigitalServicesAnalytics","CharlesSchwab","ChicagoIL","Greater Chicago Area"
"250",250,8,"DataAnalystCategoryMarketing","AspenDental","ChicagoIL","Greater Chicago Area"
"251",251,9,"JuniorDataOperationAnalyst","PDISoftware","ChicagoIL","Greater Chicago Area"
"252",252,9,"DataScientist","Walgreens","ChicagoIL","Greater Chicago Area"
"253",253,9,"DataScientist","Walgreens","DeerfieldIL","Greater Chicago Area"
"254",254,9,"BusinessIntelligenceAnalyst","TradingTechnologies","ChicagoIL","Greater Chicago Area"
"255",255,9,"AnalystDigitalCommerceStrategyPlanning","Walgreens","ChicagoIL","Greater Chicago Area"
"256",256,9,"Analyst","CVSHealth","ChicagoIL","Greater Chicago Area"
"257",257,9,"DataAnalyst","ChicagoTeachersPensionFund","ChicagoIL","Greater Chicago Area"
"258",258,9,"DataScientist","Walgreens","DeerfieldIL","Greater Chicago Area"
"259",259,9,"AnalyticsDeveloper","NorthwesternMemorialHospital","ChicagoIL","Greater Chicago Area"
"260",260,9,"Analyst","CVSHealth","ChicagoIL","Greater Chicago Area"
"261",261,9,"TradingAnalyst","TheMatherGroupLLC","GreaterChicagoArea","Greater Chicago Area"
"262",262,9,"VicePresidentofDataAnalytics","ConfidentialJobs","ChicagoIL","Greater Chicago Area"
"263",263,9,"DataScientist","Huge","ChicagoIL","Greater Chicago Area"
"264",264,9,"PythonDeveloper","BankofAmerica","ChicagoIL","Greater Chicago Area"
"265",265,9,"MarketingDataAnalyst","ITW","CarolStreamIL","Greater Chicago Area"
"266",266,9,"DataAnalyticsSpecialist","PepsiCo","ChicagoIL","Greater Chicago Area"
"267",267,9,"DataAnalyst","ITW","GlenviewIL","Greater Chicago Area"
"268",268,9,"DataScientist","PayPal","ChicagoIL","Greater Chicago Area"
"269",269,9,"DataAnalystAccountingOperations","Paylocity","SchaumburgIL","Greater Chicago Area"
"270",270,9,"SeniorDataAnalystSASProgrammerAnalyst","CharlesSchwab","ChicagoIL","Greater Chicago Area"
"271",271,9,"DataAnalystDataGovernance","CostcoWholesale","ChicagoIL","Greater Chicago Area"
"272",272,9,"DataAnalyst","SupernovaTechnology","ChicagoIL","Greater Chicago Area"
"273",273,9,"DataAnalyst","Assurant","ChicagoIL","Greater Chicago Area"
"274",274,9,"StatisticalAnalystDigitalServicesAnalytics","CharlesSchwab","ChicagoIL","Greater Chicago Area"
"275",275,9,"DataAnalystCategoryMarketing","AspenDental","ChicagoIL","Greater Chicago Area"
"276",1,999,"SoftwareDataAnalyst","Pearson","MadisonWI","Greater Madison Area"
"277",2,999,"DataAnalystEntryLevel","Staffigo","MadisonWI","Greater Madison Area"
"278",3,999,"FinanceAnalyticsIntern","EurofinsLancasterLaboratories","MadisonWI","Greater Madison Area"
"279",4,999,"JrBusinessIntelligenceAnalyst","Staffigo","MadisonWI","Greater Madison Area"
"280",5,999,"BusinessIntelligenceandAnalyticsSpecialist","SSMHealth","MadisonWI","Greater Madison Area"
"281",6,999,"MasterDataSpecialist","ArrowheadPharmaceuticals","MadisonWI","Greater Madison Area"
"282",7,999,"DataAnalystResearchAnalystIII","ExploreJobSearch","MadisonWI","Greater Madison Area"
"283",8,999,"WCHQDataAnalyst","UWHealth","MadisonWI","Greater Madison Area"
"284",9,999,"EnrollmentDataAnalystII","ElevanceHealth","MadisonWI","Greater Madison Area"
"285",10,999,"AnalyticsConsultantAmbulatoryandPopulationHealth","UWHealth","MadisonWI","Greater Madison Area"
"286",11,999,"DataWarehouseAnalyst","ElevanceHealth","MadisonWI","Greater Madison Area"
"287",12,999,"EntryLevelDataAnalyst","Staffigo","MadisonWI","Greater Madison Area"
"288",13,999,"EntryLevelDataAnalyst","Staffigo","MadisonWI","Greater Madison Area"
"289",14,999,"EntryLevelDataAnalyst","Staffigo","MadisonWI","Greater Madison Area"
"290",15,999,"EntryLevelDataAnalyst","Staffigo","MadisonWI","Greater Madison Area"
"291",16,999,"JuniorDataAnalyst","Staffigo","MadisonWI","Greater Madison Area"
"292",17,999,"DataScientistII","ThermoFisherScientific","MadisonWI","Greater Madison Area"
"293",18,999,"FixedIncomeAnalyst","MadisonInvestments","MadisonWI","Greater Madison Area"
"294",19,999,"FinanceAnalyticsIntern","Eurofins","MadisonWI","Greater Madison Area"
"295",20,999,"BusinessAnalyst","BakerTillyUS","MadisonWI","Greater Madison Area"
"296",21,999,"AnalyticsAnalystRemote","CarexConsultingGroup","MadisonWI","Greater Madison Area"
"297",22,999,"DataEngineerIOpentoRemote","AmericanFamilyInsurance","MadisonWI","Greater Madison Area"
"298",23,999,"DataEngineerPythonSQLOpentoRemote","AmericanFamilyInsurance","MadisonWI","Greater Madison Area"
"299",24,999,"AnalyticalConsultantMadisonWI","SAS","MadisonWI","Greater Madison Area"
"300",25,0,"DATAANALYST","UniversityofWisconsinMadison","MadisonWI","Greater Madison Area"
"301",26,0,"InsightsAnalyst","Hiebing","MadisonWI","Greater Madison Area"
"302",27,0,"DataEntrySpecialist3000SignOnBonus","ExploreJobSearch","MadisonWI","Greater Madison Area"
"303",28,0,"DataEntrySpecialist3000SignOnBonus","Eurofins","MadisonWI","Greater Madison Area"
"304",29,0,"ResearchAnalyst","gener8tor","MadisonWI","Greater Madison Area"
"305",30,0,"DataWarehouseAnalyst","ElevanceHealth","MadisonWI","Greater Madison Area"
"306",31,0,"DataAnalystResearchAnalystIII","ExploreJobSearch","MadisonWI","Greater Madison Area"
"307",32,0,"President","LatitudeCorp","VeronaWI","Greater Madison Area"
"308",33,0,"FixedIncomeAnalyst","MadisonInvestments","MadisonWI","Greater Madison Area"
"309",34,0,"ITHelpDeskSupportSpecialist","DahlConsulting","McFarlandWI","Greater Madison Area"
"310",35,0,"EnrollmentDataAnalystII","ElevanceHealth","MadisonWI","Greater Madison Area"
"311",36,0,"DataEntrySpecialist3000SignOnBonus","EurofinsLancasterLaboratories","MadisonWI","Greater Madison Area"
"312",37,0,"ChiefOperatingOfficer","TransProConsulting","MadisonWI","Greater Madison Area"
"313",38,0,"CLINICALRESEARCHCOORDINATOR","UniversityofWisconsinMadison","MadisonWI","Greater Madison Area"
"314",39,0,"RESEARCHSPECIALIST","UniversityofWisconsinMadison","MadisonWI","Greater Madison Area"
"315",40,0,"DataEngineerApprenticeship","FetchRewards","MadisonWI","Greater Madison Area"
"316",41,0,"ExecutiveAdministrativeAssistant","TrachteLLC","OregonTownWI","Greater Madison Area"
"317",42,0,"FinancialAnalyst","PlanetProfessional","MadisonWI","Greater Madison Area"
"318",43,0,"PRSocialMediaContentAccountCoordinator","Hiebing","MadisonWI","Greater Madison Area"
"319",44,0,"InsightsIntern","Hiebing","MadisonWI","Greater Madison Area"
"320",45,0,"DataEntry","ExpressEmploymentInternational","DeForestWI","Greater Madison Area"
"321",46,0,"OperationsAssistant","NightOwlSupportSystemsLLC","MadisonWI","Greater Madison Area"
"322",47,0,"SOCIALMEDIASPECIALIST","UniversityofWisconsinMadison","MadisonWI","Greater Madison Area"
"323",48,0,"DataScientist","SHINETechnologies","FitchburgWI","Greater Madison Area"
"324",49,0,"OperationsRepresentative","StoughtonTrailersLLC","StoughtonWI","Greater Madison Area"
"325",50,1,"SoftwareDataAnalyst","Pearson","MadisonWI","Greater Madison Area"
"326",51,1,"DataAnalystEntryLevel","Staffigo","MadisonWI","Greater Madison Area"
"327",52,1,"FinanceAnalyticsIntern","EurofinsLancasterLaboratories","MadisonWI","Greater Madison Area"
"328",53,1,"JrBusinessIntelligenceAnalyst","Staffigo","MadisonWI","Greater Madison Area"
"329",54,1,"BusinessIntelligenceandAnalyticsSpecialist","SSMHealth","MadisonWI","Greater Madison Area"
"330",55,1,"MasterDataSpecialist","ArrowheadPharmaceuticals","MadisonWI","Greater Madison Area"
"331",56,1,"DataAnalystResearchAnalystIII","ExploreJobSearch","MadisonWI","Greater Madison Area"
"332",57,1,"WCHQDataAnalyst","UWHealth","MadisonWI","Greater Madison Area"
"333",58,1,"EnrollmentDataAnalystII","ElevanceHealth","MadisonWI","Greater Madison Area"
"334",59,1,"AnalyticsConsultantAmbulatoryandPopulationHealth","UWHealth","MadisonWI","Greater Madison Area"
"335",60,1,"DataWarehouseAnalyst","ElevanceHealth","MadisonWI","Greater Madison Area"
"336",61,1,"EntryLevelDataAnalyst","Staffigo","MadisonWI","Greater Madison Area"
"337",62,1,"EntryLevelDataAnalyst","Staffigo","MadisonWI","Greater Madison Area"
"338",63,1,"EntryLevelDataAnalyst","Staffigo","MadisonWI","Greater Madison Area"
"339",64,1,"EntryLevelDataAnalyst","Staffigo","MadisonWI","Greater Madison Area"
"340",65,1,"JuniorDataAnalyst","Staffigo","MadisonWI","Greater Madison Area"
"341",66,1,"DataScientistII","ThermoFisherScientific","MadisonWI","Greater Madison Area"
"342",67,1,"FixedIncomeAnalyst","MadisonInvestments","MadisonWI","Greater Madison Area"
"343",68,1,"FinanceAnalyticsIntern","Eurofins","MadisonWI","Greater Madison Area"
"344",69,1,"BusinessAnalyst","BakerTillyUS","MadisonWI","Greater Madison Area"
"345",70,1,"AnalyticsAnalystRemote","CarexConsultingGroup","MadisonWI","Greater Madison Area"
"346",71,1,"DataEngineerIOpentoRemote","AmericanFamilyInsurance","MadisonWI","Greater Madison Area"
"347",72,1,"DataEngineerPythonSQLOpentoRemote","AmericanFamilyInsurance","MadisonWI","Greater Madison Area"
"348",73,1,"AnalyticalConsultantMadisonWI","SAS","MadisonWI","Greater Madison Area"
"349",74,0,"SoftwareDataAnalyst","Pearson","MadisonWI","Greater Madison Area"
"350",75,0,"DataAnalystEntryLevel","Staffigo","MadisonWI","Greater Madison Area"
"351",76,0,"JrBusinessIntelligenceAnalyst","Staffigo","MadisonWI","Greater Madison Area"
"352",77,0,"FinanceAnalyticsIntern","EurofinsLancasterLaboratories","MadisonWI","Greater Madison Area"
"353",78,0,"JrBusinessIntelligenceAnalyst","Staffigo","MadisonWI","Greater Madison Area"
"354",79,0,"BusinessIntelligenceandAnalyticsSpecialist","SSMHealth","MadisonWI","Greater Madison Area"
"355",80,0,"MasterDataSpecialist","ArrowheadPharmaceuticals","MadisonWI","Greater Madison Area"
"356",81,0,"DataAnalystResearchAnalystIII","ExploreJobSearch","MadisonWI","Greater Madison Area"
"357",82,0,"WCHQDataAnalyst","UWHealth","MadisonWI","Greater Madison Area"
"358",83,0,"EnrollmentDataAnalystII","ElevanceHealth","MadisonWI","Greater Madison Area"
"359",84,0,"AnalyticsConsultantAmbulatoryandPopulationHealth","UWHealth","MadisonWI","Greater Madison Area"
"360",85,0,"DataWarehouseAnalyst","ElevanceHealth","MadisonWI","Greater Madison Area"
"361",86,0,"EntryLevelDataAnalyst","Staffigo","MadisonWI","Greater Madison Area"
"362",87,0,"EntryLevelDataAnalyst","Staffigo","MadisonWI","Greater Madison Area"
"363",88,0,"EntryLevelDataAnalyst","Staffigo","MadisonWI","Greater Madison Area"
"364",89,0,"EntryLevelDataAnalyst","Staffigo","MadisonWI","Greater Madison Area"
"365",90,0,"JuniorDataAnalyst","Staffigo","MadisonWI","Greater Madison Area"
"366",91,0,"DataScientistII","ThermoFisherScientific","MadisonWI","Greater Madison Area"
"367",92,0,"FixedIncomeAnalyst","MadisonInvestments","MadisonWI","Greater Madison Area"
"368",93,0,"FinanceAnalyticsIntern","Eurofins","MadisonWI","Greater Madison Area"
"369",94,0,"BusinessAnalyst","BakerTillyUS","MadisonWI","Greater Madison Area"
"370",95,0,"AnalyticsAnalystRemote","CarexConsultingGroup","MadisonWI","Greater Madison Area"
"371",96,0,"DataEngineerIOpentoRemote","AmericanFamilyInsurance","MadisonWI","Greater Madison Area"
"372",97,0,"DataEngineerPythonSQLOpentoRemote","AmericanFamilyInsurance","MadisonWI","Greater Madison Area"
"373",98,1,"SoftwareDataAnalyst","Pearson","MadisonWI","Greater Madison Area"
"374",99,1,"DataAnalystEntryLevel","Staffigo","MadisonWI","Greater Madison Area"
"375",100,1,"JrBusinessIntelligenceAnalyst","Staffigo","MadisonWI","Greater Madison Area"
"376",101,1,"FinanceAnalyticsIntern","EurofinsLancasterLaboratories","MadisonWI","Greater Madison Area"
"377",102,1,"JrBusinessIntelligenceAnalyst","Staffigo","MadisonWI","Greater Madison Area"
"378",103,1,"BusinessIntelligenceandAnalyticsSpecialist","SSMHealth","MadisonWI","Greater Madison Area"
"379",104,1,"MasterDataSpecialist","ArrowheadPharmaceuticals","MadisonWI","Greater Madison Area"
"380",105,1,"DataAnalystResearchAnalystIII","ExploreJobSearch","MadisonWI","Greater Madison Area"
"381",106,1,"WCHQDataAnalyst","UWHealth","MadisonWI","Greater Madison Area"
"382",107,1,"EnrollmentDataAnalystII","ElevanceHealth","MadisonWI","Greater Madison Area"
"383",108,1,"AnalyticsConsultantAmbulatoryandPopulationHealth","UWHealth","MadisonWI","Greater Madison Area"
"384",109,1,"DataWarehouseAnalyst","ElevanceHealth","MadisonWI","Greater Madison Area"
"385",110,1,"EntryLevelDataAnalyst","Staffigo","MadisonWI","Greater Madison Area"
"386",111,1,"EntryLevelDataAnalyst","Staffigo","MadisonWI","Greater Madison Area"
"387",112,1,"EntryLevelDataAnalyst","Staffigo","MadisonWI","Greater Madison Area"
"388",113,1,"EntryLevelDataAnalyst","Staffigo","MadisonWI","Greater Madison Area"
"389",114,1,"JuniorDataAnalyst","Staffigo","MadisonWI","Greater Madison Area"
"390",115,1,"DataScientistII","ThermoFisherScientific","MadisonWI","Greater Madison Area"
"391",116,1,"FixedIncomeAnalyst","MadisonInvestments","MadisonWI","Greater Madison Area"
"392",117,1,"FinanceAnalyticsIntern","Eurofins","MadisonWI","Greater Madison Area"
"393",118,1,"BusinessAnalyst","BakerTillyUS","MadisonWI","Greater Madison Area"
"394",119,1,"AnalyticsAnalystRemote","CarexConsultingGroup","MadisonWI","Greater Madison Area"
"395",120,1,"DataEngineerIOpentoRemote","AmericanFamilyInsurance","MadisonWI","Greater Madison Area"
"396",121,1,"DataEngineerPythonSQLOpentoRemote","AmericanFamilyInsurance","MadisonWI","Greater Madison Area"
"397",122,2,"SoftwareDataAnalyst","Pearson","MadisonWI","Greater Madison Area"
"398",123,2,"DataAnalystEntryLevel","Staffigo","MadisonWI","Greater Madison Area"
"399",124,2,"JrBusinessIntelligenceAnalyst","Staffigo","MadisonWI","Greater Madison Area"
"400",125,2,"FinanceAnalyticsIntern","EurofinsLancasterLaboratories","MadisonWI","Greater Madison Area"
"401",126,2,"JrBusinessIntelligenceAnalyst","Staffigo","MadisonWI","Greater Madison Area"
"402",127,2,"BusinessIntelligenceandAnalyticsSpecialist","SSMHealth","MadisonWI","Greater Madison Area"
"403",128,2,"MasterDataSpecialist","ArrowheadPharmaceuticals","MadisonWI","Greater Madison Area"
"404",129,2,"DataAnalystResearchAnalystIII","ExploreJobSearch","MadisonWI","Greater Madison Area"
"405",130,2,"WCHQDataAnalyst","UWHealth","MadisonWI","Greater Madison Area"
"406",131,2,"EnrollmentDataAnalystII","ElevanceHealth","MadisonWI","Greater Madison Area"
"407",132,2,"AnalyticsConsultantAmbulatoryandPopulationHealth","UWHealth","MadisonWI","Greater Madison Area"
"408",133,2,"DataWarehouseAnalyst","ElevanceHealth","MadisonWI","Greater Madison Area"
"409",134,2,"EntryLevelDataAnalyst","Staffigo","MadisonWI","Greater Madison Area"
"410",135,2,"EntryLevelDataAnalyst","Staffigo","MadisonWI","Greater Madison Area"
"411",136,2,"EntryLevelDataAnalyst","Staffigo","MadisonWI","Greater Madison Area"
"412",137,2,"EntryLevelDataAnalyst","Staffigo","MadisonWI","Greater Madison Area"
"413",138,2,"JuniorDataAnalyst","Staffigo","MadisonWI","Greater Madison Area"
"414",139,2,"DataScientistII","ThermoFisherScientific","MadisonWI","Greater Madison Area"
"415",140,2,"FixedIncomeAnalyst","MadisonInvestments","MadisonWI","Greater Madison Area"
"416",141,2,"FinanceAnalyticsIntern","Eurofins","MadisonWI","Greater Madison Area"
"417",142,2,"BusinessAnalyst","BakerTillyUS","MadisonWI","Greater Madison Area"
"418",143,2,"AnalyticsAnalystRemote","CarexConsultingGroup","MadisonWI","Greater Madison Area"
"419",144,2,"DataEngineerIOpentoRemote","AmericanFamilyInsurance","MadisonWI","Greater Madison Area"
"420",145,2,"DataEngineerPythonSQLOpentoRemote","AmericanFamilyInsurance","MadisonWI","Greater Madison Area"
"421",146,3,"SoftwareDataAnalyst","Pearson","MadisonWI","Greater Madison Area"
"422",147,3,"DataAnalystEntryLevel","Staffigo","MadisonWI","Greater Madison Area"
"423",148,3,"FinanceAnalyticsIntern","EurofinsLancasterLaboratories","MadisonWI","Greater Madison Area"
"424",149,3,"JrBusinessIntelligenceAnalyst","Staffigo","MadisonWI","Greater Madison Area"
"425",150,3,"BusinessIntelligenceandAnalyticsSpecialist","SSMHealth","MadisonWI","Greater Madison Area"
"426",151,3,"MasterDataSpecialist","ArrowheadPharmaceuticals","MadisonWI","Greater Madison Area"
"427",152,3,"DataAnalystResearchAnalystIII","ExploreJobSearch","MadisonWI","Greater Madison Area"
"428",153,3,"WCHQDataAnalyst","UWHealth","MadisonWI","Greater Madison Area"
"429",154,3,"EnrollmentDataAnalystII","ElevanceHealth","MadisonWI","Greater Madison Area"
"430",155,3,"AnalyticsConsultantAmbulatoryandPopulationHealth","UWHealth","MadisonWI","Greater Madison Area"
"431",156,3,"DataWarehouseAnalyst","ElevanceHealth","MadisonWI","Greater Madison Area"
"432",157,3,"EntryLevelDataAnalyst","Staffigo","MadisonWI","Greater Madison Area"
"433",158,3,"EntryLevelDataAnalyst","Staffigo","MadisonWI","Greater Madison Area"
"434",159,3,"EntryLevelDataAnalyst","Staffigo","MadisonWI","Greater Madison Area"
"435",160,3,"EntryLevelDataAnalyst","Staffigo","MadisonWI","Greater Madison Area"
"436",161,3,"JuniorDataAnalyst","Staffigo","MadisonWI","Greater Madison Area"
"437",162,3,"DataScientistII","ThermoFisherScientific","MadisonWI","Greater Madison Area"
"438",163,3,"FixedIncomeAnalyst","MadisonInvestments","MadisonWI","Greater Madison Area"
"439",164,3,"FinanceAnalyticsIntern","Eurofins","MadisonWI","Greater Madison Area"
"440",165,3,"BusinessAnalyst","BakerTillyUS","MadisonWI","Greater Madison Area"
"441",166,3,"AnalyticsAnalystRemote","CarexConsultingGroup","MadisonWI","Greater Madison Area"
"442",167,3,"DataEngineerIOpentoRemote","AmericanFamilyInsurance","MadisonWI","Greater Madison Area"
"443",168,3,"DataEngineerPythonSQLOpentoRemote","AmericanFamilyInsurance","MadisonWI","Greater Madison Area"
"444",169,3,"AnalyticalConsultantMadisonWI","SAS","MadisonWI","Greater Madison Area"
"445",170,4,"SoftwareDataAnalyst","Pearson","MadisonWI","Greater Madison Area"
"446",171,4,"DataAnalystEntryLevel","Staffigo","MadisonWI","Greater Madison Area"
"447",172,4,"JrBusinessIntelligenceAnalyst","Staffigo","MadisonWI","Greater Madison Area"
"448",173,4,"FinanceAnalyticsIntern","EurofinsLancasterLaboratories","MadisonWI","Greater Madison Area"
"449",174,4,"JrBusinessIntelligenceAnalyst","Staffigo","MadisonWI","Greater Madison Area"
"450",175,4,"BusinessIntelligenceandAnalyticsSpecialist","SSMHealth","MadisonWI","Greater Madison Area"
"451",176,4,"MasterDataSpecialist","ArrowheadPharmaceuticals","MadisonWI","Greater Madison Area"
"452",177,4,"DataAnalystResearchAnalystIII","ExploreJobSearch","MadisonWI","Greater Madison Area"
"453",178,4,"WCHQDataAnalyst","UWHealth","MadisonWI","Greater Madison Area"
"454",179,4,"EnrollmentDataAnalystII","ElevanceHealth","MadisonWI","Greater Madison Area"
"455",180,4,"AnalyticsConsultantAmbulatoryandPopulationHealth","UWHealth","MadisonWI","Greater Madison Area"
"456",181,4,"DataWarehouseAnalyst","ElevanceHealth","MadisonWI","Greater Madison Area"
"457",182,4,"EntryLevelDataAnalyst","Staffigo","MadisonWI","Greater Madison Area"
"458",183,4,"EntryLevelDataAnalyst","Staffigo","MadisonWI","Greater Madison Area"
"459",184,4,"EntryLevelDataAnalyst","Staffigo","MadisonWI","Greater Madison Area"
"460",185,4,"EntryLevelDataAnalyst","Staffigo","MadisonWI","Greater Madison Area"
"461",186,4,"JuniorDataAnalyst","Staffigo","MadisonWI","Greater Madison Area"
"462",187,4,"DataScientistII","ThermoFisherScientific","MadisonWI","Greater Madison Area"
"463",188,4,"FixedIncomeAnalyst","MadisonInvestments","MadisonWI","Greater Madison Area"
"464",189,4,"FinanceAnalyticsIntern","Eurofins","MadisonWI","Greater Madison Area"
"465",190,4,"BusinessAnalyst","BakerTillyUS","MadisonWI","Greater Madison Area"
"466",191,4,"AnalyticsAnalystRemote","CarexConsultingGroup","MadisonWI","Greater Madison Area"
"467",192,4,"DataEngineerIOpentoRemote","AmericanFamilyInsurance","MadisonWI","Greater Madison Area"
"468",193,4,"DataEngineerPythonSQLOpentoRemote","AmericanFamilyInsurance","MadisonWI","Greater Madison Area"
"469",194,5,"DATAANALYST","UniversityofWisconsinMadison","MadisonWI","Greater Madison Area"
"470",195,5,"InsightsAnalyst","Hiebing","MadisonWI","Greater Madison Area"
"471",196,5,"DataEntrySpecialist3000SignOnBonus","ExploreJobSearch","MadisonWI","Greater Madison Area"
"472",197,5,"DataEntrySpecialist3000SignOnBonus","Eurofins","MadisonWI","Greater Madison Area"
"473",198,5,"ResearchAnalyst","gener8tor","MadisonWI","Greater Madison Area"
"474",199,5,"DataWarehouseAnalyst","ElevanceHealth","MadisonWI","Greater Madison Area"
"475",200,5,"PartTimeCustomerAccountsSpecialist","GordonFleschCompany","MadisonWI","Greater Madison Area"
"476",201,5,"DataAnalystResearchAnalystIII","ExploreJobSearch","MadisonWI","Greater Madison Area"
"477",202,5,"DirectorOfInformationTechnology","RobertHalf","GreaterMadisonArea","Greater Madison Area"
"478",203,5,"ProgramAssistant","Slipstream","MadisonWI","Greater Madison Area"
"479",204,5,"CareSupportCoordinator","ElevanceHealth","MadisonWI","Greater Madison Area"
"480",205,5,"President","LatitudeCorp","VeronaWI","Greater Madison Area"
"481",206,5,"FixedIncomeAnalyst","MadisonInvestments","MadisonWI","Greater Madison Area"
"482",207,5,"ITHelpDeskSupportSpecialist","DahlConsulting","McFarlandWI","Greater Madison Area"
"483",208,5,"EnrollmentDataAnalystII","ElevanceHealth","MadisonWI","Greater Madison Area"
"484",209,5,"DataEntrySpecialist3000SignOnBonus","EurofinsLancasterLaboratories","MadisonWI","Greater Madison Area"
"485",210,5,"ChiefOperatingOfficer","TransProConsulting","MadisonWI","Greater Madison Area"
"486",211,5,"ExecutiveAdministrativeAssistant","TrachteLLC","OregonTownWI","Greater Madison Area"
"487",212,5,"DataEngineerApprenticeship","FetchRewards","MadisonWI","Greater Madison Area"
"488",213,5,"FinancialAnalyst","PlanetProfessional","MadisonWI","Greater Madison Area"
"489",214,5,"PRSocialMediaContentAccountCoordinator","Hiebing","MadisonWI","Greater Madison Area"
"490",215,5,"InsightsIntern","Hiebing","MadisonWI","Greater Madison Area"
"491",216,5,"StaffAccountant","SacoFoods","MiddletonWI","Greater Madison Area"
"492",217,5,"RemoteOperationsTechnicalSupportAnalyst","NANA","MiddletonWI","Greater Madison Area"
"493",218,5,"DataEntry","ExpressEmploymentInternational","DeForestWI","Greater Madison Area"
"494",219,6,"SoftwareDataAnalyst","Pearson","MadisonWI","Greater Madison Area"
"495",220,6,"DataAnalystEntryLevel","Staffigo","MadisonWI","Greater Madison Area"
"496",221,6,"JrBusinessIntelligenceAnalyst","Staffigo","MadisonWI","Greater Madison Area"
"497",222,6,"FinanceAnalyticsIntern","EurofinsLancasterLaboratories","MadisonWI","Greater Madison Area"
"498",223,6,"JrBusinessIntelligenceAnalyst","Staffigo","MadisonWI","Greater Madison Area"
"499",224,6,"BusinessIntelligenceandAnalyticsSpecialist","SSMHealth","MadisonWI","Greater Madison Area"
"500",225,6,"MasterDataSpecialist","ArrowheadPharmaceuticals","MadisonWI","Greater Madison Area"
"501",226,6,"DataAnalystResearchAnalystIII","ExploreJobSearch","MadisonWI","Greater Madison Area"
"502",227,6,"WCHQDataAnalyst","UWHealth","MadisonWI","Greater Madison Area"
"503",228,6,"EnrollmentDataAnalystII","ElevanceHealth","MadisonWI","Greater Madison Area"
"504",229,6,"AnalyticsConsultantAmbulatoryandPopulationHealth","UWHealth","MadisonWI","Greater Madison Area"
"505",230,6,"DataWarehouseAnalyst","ElevanceHealth","MadisonWI","Greater Madison Area"
"506",231,6,"EntryLevelDataAnalyst","Staffigo","MadisonWI","Greater Madison Area"
"507",232,6,"EntryLevelDataAnalyst","Staffigo","MadisonWI","Greater Madison Area"
"508",233,6,"EntryLevelDataAnalyst","Staffigo","MadisonWI","Greater Madison Area"
"509",234,6,"EntryLevelDataAnalyst","Staffigo","MadisonWI","Greater Madison Area"
"510",235,6,"JuniorDataAnalyst","Staffigo","MadisonWI","Greater Madison Area"
"511",236,6,"DataScientistII","ThermoFisherScientific","MadisonWI","Greater Madison Area"
"512",237,6,"FixedIncomeAnalyst","MadisonInvestments","MadisonWI","Greater Madison Area"
"513",238,6,"FinanceAnalyticsIntern","Eurofins","MadisonWI","Greater Madison Area"
"514",239,6,"BusinessAnalyst","BakerTillyUS","MadisonWI","Greater Madison Area"
"515",240,6,"AnalyticsAnalystRemote","CarexConsultingGroup","MadisonWI","Greater Madison Area"
"516",241,6,"DataEngineerIOpentoRemote","AmericanFamilyInsurance","MadisonWI","Greater Madison Area"
"517",242,6,"DataEngineerPythonSQLOpentoRemote","AmericanFamilyInsurance","MadisonWI","Greater Madison Area"
"518",243,7,"SoftwareDataAnalyst","Pearson","MadisonWI","Greater Madison Area"
"519",244,7,"DataAnalystEntryLevel","Staffigo","MadisonWI","Greater Madison Area"
"520",245,7,"JrBusinessIntelligenceAnalyst","Staffigo","MadisonWI","Greater Madison Area"
"521",246,7,"FinanceAnalyticsIntern","EurofinsLancasterLaboratories","MadisonWI","Greater Madison Area"
"522",247,7,"JrBusinessIntelligenceAnalyst","Staffigo","MadisonWI","Greater Madison Area"
"523",248,7,"BusinessIntelligenceandAnalyticsSpecialist","SSMHealth","MadisonWI","Greater Madison Area"
"524",249,7,"MasterDataSpecialist","ArrowheadPharmaceuticals","MadisonWI","Greater Madison Area"
"525",250,7,"DataAnalystResearchAnalystIII","ExploreJobSearch","MadisonWI","Greater Madison Area"
"526",251,7,"WCHQDataAnalyst","UWHealth","MadisonWI","Greater Madison Area"
"527",252,7,"EnrollmentDataAnalystII","ElevanceHealth","MadisonWI","Greater Madison Area"
"528",253,7,"AnalyticsConsultantAmbulatoryandPopulationHealth","UWHealth","MadisonWI","Greater Madison Area"
"529",254,7,"DataWarehouseAnalyst","ElevanceHealth","MadisonWI","Greater Madison Area"
"530",255,7,"EntryLevelDataAnalyst","Staffigo","MadisonWI","Greater Madison Area"
"531",256,7,"EntryLevelDataAnalyst","Staffigo","MadisonWI","Greater Madison Area"
"532",257,7,"EntryLevelDataAnalyst","Staffigo","MadisonWI","Greater Madison Area"
"533",258,7,"EntryLevelDataAnalyst","Staffigo","MadisonWI","Greater Madison Area"
"534",259,7,"JuniorDataAnalyst","Staffigo","MadisonWI","Greater Madison Area"
"535",260,7,"DataScientistII","ThermoFisherScientific","MadisonWI","Greater Madison Area"
"536",261,7,"FixedIncomeAnalyst","MadisonInvestments","MadisonWI","Greater Madison Area"
"537",262,7,"FinanceAnalyticsIntern","Eurofins","MadisonWI","Greater Madison Area"
"538",263,7,"BusinessAnalyst","BakerTillyUS","MadisonWI","Greater Madison Area"
"539",264,7,"AnalyticsAnalystRemote","CarexConsultingGroup","MadisonWI","Greater Madison Area"
"540",265,7,"DataEngineerIOpentoRemote","AmericanFamilyInsurance","MadisonWI","Greater Madison Area"
"541",266,7,"DataEngineerPythonSQLOpentoRemote","AmericanFamilyInsurance","MadisonWI","Greater Madison Area"
"542",267,8,"DATAANALYST","UniversityofWisconsinMadison","MadisonWI","Greater Madison Area"
"543",268,8,"InsightsAnalyst","Hiebing","MadisonWI","Greater Madison Area"
"544",269,8,"DataEntrySpecialist3000SignOnBonus","ExploreJobSearch","MadisonWI","Greater Madison Area"
"545",270,8,"DataEntrySpecialist3000SignOnBonus","Eurofins","MadisonWI","Greater Madison Area"
"546",271,8,"ResearchAnalyst","gener8tor","MadisonWI","Greater Madison Area"
"547",272,8,"DataWarehouseAnalyst","ElevanceHealth","MadisonWI","Greater Madison Area"
"548",273,8,"DataAnalystResearchAnalystIII","ExploreJobSearch","MadisonWI","Greater Madison Area"
"549",274,8,"GeneralManager","FirehouseSubs","SunPrairieWI","Greater Madison Area"
"550",275,8,"DirectorOfInformationTechnology","RobertHalf","GreaterMadisonArea","Greater Madison Area"
"551",276,8,"President","LatitudeCorp","VeronaWI","Greater Madison Area"
"552",277,8,"FixedIncomeAnalyst","MadisonInvestments","MadisonWI","Greater Madison Area"
"553",278,8,"ProjectManagerHRMA","ElevanceHealth","MadisonWI","Greater Madison Area"
"554",279,8,"ITHelpDeskSupportSpecialist","DahlConsulting","McFarlandWI","Greater Madison Area"
"555",280,8,"EnrollmentDataAnalystII","ElevanceHealth","MadisonWI","Greater Madison Area"
"556",281,8,"DataEntrySpecialist3000SignOnBonus","EurofinsLancasterLaboratories","MadisonWI","Greater Madison Area"
"557",282,8,"ChiefOperatingOfficer","TransProConsulting","MadisonWI","Greater Madison Area"
"558",283,8,"ExecutiveAdministrativeAssistant","TrachteLLC","OregonTownWI","Greater Madison Area"
"559",284,8,"DataEngineerApprenticeship","FetchRewards","MadisonWI","Greater Madison Area"
"560",285,8,"SYSTEMSADMINISTRATOR","UniversityofWisconsinMadison","MadisonWI","Greater Madison Area"
"561",286,8,"FinancialAnalyst","PlanetProfessional","MadisonWI","Greater Madison Area"
"562",287,8,"PRSocialMediaContentAccountCoordinator","Hiebing","MadisonWI","Greater Madison Area"
"563",288,8,"InsightsIntern","Hiebing","MadisonWI","Greater Madison Area"
"564",289,8,"SchedulingAnalyst","MadisonGasandElectric","MadisonWI","Greater Madison Area"
"565",290,8,"ProjectManagerII","NOVALINKSOLUTIONSLLC","MadisonWI","Greater Madison Area"
"566",291,8,"DataEntry","ExpressEmploymentInternational","DeForestWI","Greater Madison Area"
"567",292,9,"DATAANALYST","UniversityofWisconsinMadison","MadisonWI","Greater Madison Area"
"568",293,9,"InsightsAnalyst","Hiebing","MadisonWI","Greater Madison Area"
"569",294,9,"DataEntrySpecialist3000SignOnBonus","ExploreJobSearch","MadisonWI","Greater Madison Area"
"570",295,9,"DataEntrySpecialist3000SignOnBonus","Eurofins","MadisonWI","Greater Madison Area"
"571",296,9,"ResearchAnalyst","gener8tor","MadisonWI","Greater Madison Area"
"572",297,9,"DataWarehouseAnalyst","ElevanceHealth","MadisonWI","Greater Madison Area"
"573",298,9,"DataAnalystResearchAnalystIII","ExploreJobSearch","MadisonWI","Greater Madison Area"
"574",299,9,"GeneralManager","FirehouseSubs","SunPrairieWI","Greater Madison Area"
"575",300,9,"DirectorOfInformationTechnology","RobertHalf","GreaterMadisonArea","Greater Madison Area"
"576",301,9,"President","LatitudeCorp","VeronaWI","Greater Madison Area"
"577",302,9,"FixedIncomeAnalyst","MadisonInvestments","MadisonWI","Greater Madison Area"
"578",303,9,"ProjectManagerHRMA","ElevanceHealth","MadisonWI","Greater Madison Area"
"579",304,9,"ITHelpDeskSupportSpecialist","DahlConsulting","McFarlandWI","Greater Madison Area"
"580",305,9,"EnrollmentDataAnalystII","ElevanceHealth","MadisonWI","Greater Madison Area"
"581",306,9,"DataEntrySpecialist3000SignOnBonus","EurofinsLancasterLaboratories","MadisonWI","Greater Madison Area"
"582",307,9,"ChiefOperatingOfficer","TransProConsulting","MadisonWI","Greater Madison Area"
"583",308,9,"ExecutiveAdministrativeAssistant","TrachteLLC","OregonTownWI","Greater Madison Area"
"584",309,9,"DataEngineerApprenticeship","FetchRewards","MadisonWI","Greater Madison Area"
"585",310,9,"SYSTEMSADMINISTRATOR","UniversityofWisconsinMadison","MadisonWI","Greater Madison Area"
"586",311,9,"FinancialAnalyst","PlanetProfessional","MadisonWI","Greater Madison Area"
"587",312,9,"PRSocialMediaContentAccountCoordinator","Hiebing","MadisonWI","Greater Madison Area"
"588",313,9,"InsightsIntern","Hiebing","MadisonWI","Greater Madison Area"
"589",314,9,"SchedulingAnalyst","MadisonGasandElectric","MadisonWI","Greater Madison Area"
"590",315,9,"ProjectManagerII","NOVALINKSOLUTIONSLLC","MadisonWI","Greater Madison Area"
"591",316,9,"DataEntry","ExpressEmploymentInternational","DeForestWI","Greater Madison Area"
"592",1,999,"MolsonCoorsBeverageCompany","BIDataAnalyticsIntern","MilwaukeeWI","Greater Milwaukee"
"593",2,999,"USBank","DataAnalytics","MilwaukeeWI","Greater Milwaukee"
"594",3,999,"CreativeFinancialStaffingCFS","DataSpecialistRemote","MilwaukeeWI","Greater Milwaukee"
"595",4,999,"ChildrensWisconsin","DataAnalystII05FTE","MilwaukeeWI","Greater Milwaukee"
"596",5,999,"USBank","DataAnalyst","MilwaukeeWI","Greater Milwaukee"
"597",6,999,"ChildrensWisconsin","DataAnalystRemote","MilwaukeeWI","Greater Milwaukee"
"598",7,999,"ChildrensWisconsin","DataScientistI","MilwaukeeWI","Greater Milwaukee"
"599",8,999,"ViventHealth","HealthInformaticsDataAnalystCanbe","MilwaukeeWI","Greater Milwaukee"
"600",9,999,"Staffigo","JrBusinessIntelligenceAnalyst","MilwaukeeWI","Greater Milwaukee"
"601",10,999,"Staffigo","JrBusinessIntelligenceAnalyst","MilwaukeeWI","Greater Milwaukee"
"602",11,999,"Kohls","BusinessReportingAnalyst","MenomoneeFallsWI","Greater Milwaukee"
"603",12,999,"Staffigo","DataAnalystEntryLevel","MilwaukeeWI","Greater Milwaukee"
"604",13,999,"AllspringGlobalInvestments","InvestmentsDataReportingAnalyst","MenomoneeFallsWI","Greater Milwaukee"
"605",14,999,"ApexSystems","RemoteDataScienceAnalyst","MilwaukeeWI","Greater Milwaukee"
"606",15,999,"Staffigo","JrBusinessIntelligenceAnalyst","RacineWI","Greater Milwaukee"
"607",16,999,"ExploreJobSearch","EntryLevelDataAnalyst","MilwaukeeWI","Greater Milwaukee"
"608",17,999,"Staffigo","DataAnalystEntryLevel","RacineWI","Greater Milwaukee"
"609",18,999,"Genesis10","EntryLevelDataAnalystNoExperienceRequiredDev10WI","MilwaukeeWI","Greater Milwaukee"
"610",19,999,"Staffigo","EntryLevelDataAnalyst","MilwaukeeWI","Greater Milwaukee"
"611",20,999,"Staffigo","EntryLevelDataAnalyst","MilwaukeeWI","Greater Milwaukee"
"612",21,999,"WackerNeusonAmericaCorporation","IndustryandBusinessIntelligenceAnalyst","MenomoneeFallsWI","Greater Milwaukee"
"613",22,999,"Staffigo","EntryLevelDataAnalyst","MilwaukeeWI","Greater Milwaukee"
"614",23,999,"Staffigo","EntryLevelDataAnalyst","MilwaukeeWI","Greater Milwaukee"
"615",24,999,"JohnsonControls","FinanceAnalyticsDataScientist","MilwaukeeWI","Greater Milwaukee"
"616",25,999,"ChildrensWisconsin","DataCoordinator","MilwaukeeWI","Greater Milwaukee"
"617",26,0,"BusinessIntelligenceDeveloper","MarcusTheatres","MilwaukeeWI","Greater Milwaukee"
"618",27,0,"ClinicalInformaticsSpecialist","Ascension","WaukeshaWI","Greater Milwaukee"
"619",28,0,"ProductAnalystRemote","ChildrensWisconsin","MilwaukeeWI","Greater Milwaukee"
"620",29,0,"JrBusinessIntelligenceAnalyst","Staffigo","RacineWI","Greater Milwaukee"
"621",30,0,"EntryLevelDataAnalyst","Staffigo","MilwaukeeWI","Greater Milwaukee"
"622",31,0,"HEALTHCAREDATASCIENTISTFCHENTERPRISEANALYTICS","FroedtertHealth","WauwatosaWI","Greater Milwaukee"
"623",32,0,"BusinessAnalyst","MilwaukeeBrewers","MilwaukeeWI","Greater Milwaukee"
"624",33,0,"EntryLevelDataAnalyst","Staffigo","MilwaukeeWI","Greater Milwaukee"
"625",34,0,"RemoteDataScienceAnalyst","ApexSystems","MilwaukeeWI","Greater Milwaukee"
"626",35,0,"RemoteDataEngineer","ApexSystems","MilwaukeeWI","Greater Milwaukee"
"627",36,0,"DataEngineer100Remote","Kohls","MenomoneeFallsWI","Greater Milwaukee"
"628",37,0,"DataEngineer","Dropbox","MilwaukeeWI","Greater Milwaukee"
"629",38,0,"InvestmentsDataReportingAnalyst","AllspringGlobalInvestments","MenomoneeFallsWI","Greater Milwaukee"
"630",39,0,"JrBusinessIntelligenceAnalyst","Staffigo","MilwaukeeWI","Greater Milwaukee"
"631",40,0,"InvestmentPortfolioAnalytics","AllspringGlobalInvestments","MenomoneeFallsWI","Greater Milwaukee"
"632",41,0,"InvestmentPerformanceAnalyst","USBank","MilwaukeeWI","Greater Milwaukee"
"633",42,0,"DATAANALYSTSRWFHWORKFORCEHEALTH","FroedtertHealth","MenomoneeFallsWI","Greater Milwaukee"
"634",43,0,"DataAnalyst","SplashClinicalLLC","WauwatosaWI","Greater Milwaukee"
"635",44,0,"QuantitativeRiskAnalyst","MGIC","MilwaukeeWI","Greater Milwaukee"
"636",45,0,"EntryLevelDataAnalyst","Staffigo","MilwaukeeWI","Greater Milwaukee"
"637",46,0,"EnterpriseRiskReportingAnalyst","USBank","MilwaukeeWI","Greater Milwaukee"
"638",47,0,"DataAnalystProgrammer","CommonGroundHealthcareCooperative","MilwaukeeWI","Greater Milwaukee"
"639",48,0,"SeniorDataScientist","QUADGRAPHICSLIMITED","SussexWI","Greater Milwaukee"
"640",49,0,"SeniorDecisionSupportAnalyst","ChildrensWisconsin","MilwaukeeWI","Greater Milwaukee"
"641",50,0,"FraudAnalyticsAnalystII","FIS","MilwaukeeWI","Greater Milwaukee"
"642",51,1,"RadiologyClerkPewaukee07FTEBenefitEligible","ProHealthCare","WaukeshaWI","Greater Milwaukee"
"643",52,1,"SAPFICOManager","PwC","MilwaukeeWI","Greater Milwaukee"
"644",53,1,"LeadITAuditor","NorthwesternMutual","MilwaukeeWI","Greater Milwaukee"
"645",54,1,"BenefitsSpecialist","EmPowerHR","MilwaukeeWI","Greater Milwaukee"
"646",55,1,"AccountingManager","RobertHalf","GreenfieldWI","Greater Milwaukee"
"647",56,1,"DaycareHousekeeperParttime","Quad","SussexWI","Greater Milwaukee"
"648",57,1,"SeniorITSystemAnalyst","RockwellAutomation","MilwaukeeWI","Greater Milwaukee"
"649",58,1,"NetworkEngineer","Emerson","MountPleasantWI","Greater Milwaukee"
"650",59,1,"MaintenanceTechnicianMilwaukeeOakCreekASSEMBLE","ISSFacilityServicesNorthAmerica","MilwaukeeWI","Greater Milwaukee"
"651",60,1,"DirectorOfTechnicalServices","MARSSolutionsGroup","NewBerlinWI","Greater Milwaukee"
"652",61,1,"SecuritySolutionArchitectAssociateManager","Accenture","MilwaukeeWI","Greater Milwaukee"
"653",62,1,"DirectorofBusinessOperationsHYBRIDOption","PlannedParenthoodofWisconsinInc","MilwaukeeWI","Greater Milwaukee"
"654",63,1,"DesignEngineer","Eaton","WaukeshaWI","Greater Milwaukee"
"655",64,1,"SrAgileTeamCoordinator","OpenText","WaukeshaWI","Greater Milwaukee"
"656",65,1,"DirectorConsumerSalesCustomerContactCenter","GeneracPowerSystems","PewaukeeWI","Greater Milwaukee"
"657",66,1,"RegionalProductManager","Danfoss","MilwaukeeWI","Greater Milwaukee"
"658",67,1,"MDRSecurityArchitectSeniorManager","Accenture","MilwaukeeWI","Greater Milwaukee"
"659",68,1,"CloudSoftwareArchitect","RockwellAutomation","MilwaukeeWI","Greater Milwaukee"
"660",69,1,"AssistantDirectorProductAccounting","ExploreJobSearch","MilwaukeeWI","Greater Milwaukee"
"661",70,1,"TalentAcquisitionandManagementSpecialist","PerlickCorporation","MilwaukeeWI","Greater Milwaukee"
"662",71,1,"MeatCutterandWrapper","SamsClub","WaukeshaWI","Greater Milwaukee"
"663",72,1,"ProductEngineerIII","Clarios","MilwaukeeWI","Greater Milwaukee"
"664",73,1,"TechnicalSecurityEngineerInformationSecurityTechnology","Avanade","MilwaukeeWI","Greater Milwaukee"
"665",74,1,"RadiologyTechnologistPRN","Ascension","BrookfieldWI","Greater Milwaukee"
"666",75,1,"AssociateSpring2022MilwaukeeWI","CLACliftonLarsonAllen","MilwaukeeWI","Greater Milwaukee"
"667",76,2,"BIDataAnalyticsIntern","MolsonCoorsBeverageCompany","MilwaukeeWI","Greater Milwaukee"
"668",77,2,"DataAnalytics","USBank","MilwaukeeWI","Greater Milwaukee"
"669",78,2,"DataSpecialistRemote","CreativeFinancialStaffingCFS","MilwaukeeWI","Greater Milwaukee"
"670",79,2,"DataAnalystII05FTE","ChildrensWisconsin","MilwaukeeWI","Greater Milwaukee"
"671",80,2,"DataAnalyst","USBank","MilwaukeeWI","Greater Milwaukee"
"672",81,2,"DataAnalystRemote","ChildrensWisconsin","MilwaukeeWI","Greater Milwaukee"
"673",82,2,"DataScientistI","ChildrensWisconsin","MilwaukeeWI","Greater Milwaukee"
"674",83,2,"HealthInformaticsDataAnalystCanbe","ViventHealth","MilwaukeeWI","Greater Milwaukee"
"675",84,2,"JrBusinessIntelligenceAnalyst","Staffigo","MilwaukeeWI","Greater Milwaukee"
"676",85,2,"JrBusinessIntelligenceAnalyst","Staffigo","MilwaukeeWI","Greater Milwaukee"
"677",86,2,"BusinessReportingAnalyst","Kohls","MenomoneeFallsWI","Greater Milwaukee"
"678",87,2,"DataAnalystEntryLevel","Staffigo","MilwaukeeWI","Greater Milwaukee"
"679",88,2,"InvestmentsDataReportingAnalyst","AllspringGlobalInvestments","MenomoneeFallsWI","Greater Milwaukee"
"680",89,2,"RemoteDataScienceAnalyst","ApexSystems","MilwaukeeWI","Greater Milwaukee"
"681",90,2,"JrBusinessIntelligenceAnalyst","Staffigo","RacineWI","Greater Milwaukee"
"682",91,2,"EntryLevelDataAnalyst","ExploreJobSearch","MilwaukeeWI","Greater Milwaukee"
"683",92,2,"DataAnalystEntryLevel","Staffigo","RacineWI","Greater Milwaukee"
"684",93,2,"EntryLevelDataAnalystNoExperienceRequiredDev10WI","Genesis10","MilwaukeeWI","Greater Milwaukee"
"685",94,2,"EntryLevelDataAnalyst","Staffigo","MilwaukeeWI","Greater Milwaukee"
"686",95,2,"EntryLevelDataAnalyst","Staffigo","MilwaukeeWI","Greater Milwaukee"
"687",96,2,"IndustryandBusinessIntelligenceAnalyst","WackerNeusonAmericaCorporation","MenomoneeFallsWI","Greater Milwaukee"
"688",97,2,"EntryLevelDataAnalyst","Staffigo","MilwaukeeWI","Greater Milwaukee"
"689",98,2,"EntryLevelDataAnalyst","Staffigo","MilwaukeeWI","Greater Milwaukee"
"690",99,2,"FinancialAnalystREMOTE","Kohls","MenomoneeFallsWI","Greater Milwaukee"
"691",100,2,"FinanceAnalyticsDataScientist","JohnsonControls","MilwaukeeWI","Greater Milwaukee"
"692",101,3,"DataSupportSpecialist","WRTPBIGSTEP","MilwaukeeWI","Greater Milwaukee"
"693",102,3,"DataEngineer","MGIC","MilwaukeeWI","Greater Milwaukee"
"694",103,3,"EnterpriseRiskReportingAnalyst","USBank","MilwaukeeWI","Greater Milwaukee"
"695",104,3,"EntryLevelDataAnalyst","ExploreJobSearch","MilwaukeeWI","Greater Milwaukee"
"696",105,3,"EntryLevelDataAnalyst","Staffigo","MilwaukeeWI","Greater Milwaukee"
"697",106,3,"ConversionAnalyst","Fiserv","BrookfieldWI","Greater Milwaukee"
"698",107,3,"SoftwareAssetAnalystFullyRemote","Kohls","MenomoneeFallsWI","Greater Milwaukee"
"699",108,3,"IndustryandBusinessIntelligenceAnalyst","WackerNeusonAmericaCorporation","MenomoneeFallsWI","Greater Milwaukee"
"700",109,3,"JrBusinessIntelligenceAnalyst","Staffigo","RacineWI","Greater Milwaukee"
"701",110,3,"HeadofBusinessIntelligenceandAnalytics","JohnsonControls","MilwaukeeWI","Greater Milwaukee"
"702",111,3,"DataEngineerFinance","Dropbox","MilwaukeeWI","Greater Milwaukee"
"703",112,3,"HealthInfoLabDataEntryLead","AdvocateAuroraHealth","MilwaukeeWI","Greater Milwaukee"
"704",113,3,"RemoteDataScienceAnalyst","ApexSystems","MilwaukeeWI","Greater Milwaukee"
"705",114,3,"JrBusinessIntelligenceAnalyst","Staffigo","MilwaukeeWI","Greater Milwaukee"
"706",115,3,"SQLDatabaseAdministrator","PSMPartners","MilwaukeeWI","Greater Milwaukee"
"707",116,3,"BusinessIntelligenceAnalystREMOTEFullTime","NigelFrankInternational","MilwaukeeCountyWI","Greater Milwaukee"
"708",117,3,"DataEngineer","NorthwesternMutual","MilwaukeeWI","Greater Milwaukee"
"709",118,3,"ProductAnalystRemote","ChildrensWisconsin","MilwaukeeWI","Greater Milwaukee"
"710",119,3,"JuniorDataAnalyst","Staffigo","MilwaukeeWI","Greater Milwaukee"
"711",120,3,"FinanceAnalyticsDataScientist","JohnsonControls","MilwaukeeWI","Greater Milwaukee"
"712",121,3,"DataControlAssociate","FIS","BrownDeerWI","Greater Milwaukee"
"713",122,3,"DataAnalystCustomerMarketing","CNHIndustrial","RacineWI","Greater Milwaukee"
"714",123,3,"FinancialAdvocate","AdvocateAuroraHealth","MilwaukeeWI","Greater Milwaukee"
"715",124,3,"RemoteSeniorDataBusinessAnalyst","ApexSystems","MilwaukeeWI","Greater Milwaukee"
"716",125,3,"BusinessSupportAssociate","TEKsystems","BrookfieldWI","Greater Milwaukee"
"717",126,4,"BIDataAnalyticsIntern","MolsonCoorsBeverageCompany","MilwaukeeWI","Greater Milwaukee"
"718",127,4,"DataAnalytics","USBank","MilwaukeeWI","Greater Milwaukee"
"719",128,4,"DataSpecialistRemote","CreativeFinancialStaffingCFS","MilwaukeeWI","Greater Milwaukee"
"720",129,4,"DataAnalystII05FTE","ChildrensWisconsin","MilwaukeeWI","Greater Milwaukee"
"721",130,4,"DataAnalyst","USBank","MilwaukeeWI","Greater Milwaukee"
"722",131,4,"DataAnalystRemote","ChildrensWisconsin","MilwaukeeWI","Greater Milwaukee"
"723",132,4,"DataScientistI","ChildrensWisconsin","MilwaukeeWI","Greater Milwaukee"
"724",133,4,"HealthInformaticsDataAnalystCanbe","ViventHealth","MilwaukeeWI","Greater Milwaukee"
"725",134,4,"JrBusinessIntelligenceAnalyst","Staffigo","MilwaukeeWI","Greater Milwaukee"
"726",135,4,"JrBusinessIntelligenceAnalyst","Staffigo","MilwaukeeWI","Greater Milwaukee"
"727",136,4,"BusinessReportingAnalyst","Kohls","MenomoneeFallsWI","Greater Milwaukee"
"728",137,4,"DataAnalystEntryLevel","Staffigo","MilwaukeeWI","Greater Milwaukee"
"729",138,4,"InvestmentsDataReportingAnalyst","AllspringGlobalInvestments","MenomoneeFallsWI","Greater Milwaukee"
"730",139,4,"RemoteDataScienceAnalyst","ApexSystems","MilwaukeeWI","Greater Milwaukee"
"731",140,4,"JrBusinessIntelligenceAnalyst","Staffigo","RacineWI","Greater Milwaukee"
"732",141,4,"EntryLevelDataAnalyst","ExploreJobSearch","MilwaukeeWI","Greater Milwaukee"
"733",142,4,"DataAnalystEntryLevel","Staffigo","RacineWI","Greater Milwaukee"
"734",143,4,"EntryLevelDataAnalystNoExperienceRequiredDev10WI","Genesis10","MilwaukeeWI","Greater Milwaukee"
"735",144,4,"EntryLevelDataAnalyst","Staffigo","MilwaukeeWI","Greater Milwaukee"
"736",145,4,"EntryLevelDataAnalyst","Staffigo","MilwaukeeWI","Greater Milwaukee"
"737",146,4,"IndustryandBusinessIntelligenceAnalyst","WackerNeusonAmericaCorporation","MenomoneeFallsWI","Greater Milwaukee"
"738",147,4,"EntryLevelDataAnalyst","Staffigo","MilwaukeeWI","Greater Milwaukee"
"739",148,4,"EntryLevelDataAnalyst","Staffigo","MilwaukeeWI","Greater Milwaukee"
"740",149,4,"FinanceAnalyticsDataScientist","JohnsonControls","MilwaukeeWI","Greater Milwaukee"
"741",150,4,"DataCoordinator","ChildrensWisconsin","MilwaukeeWI","Greater Milwaukee"
"742",151,5,"BIDataAnalyticsIntern","MolsonCoorsBeverageCompany","MilwaukeeWI","Greater Milwaukee"
"743",152,5,"DataAnalytics","USBank","MilwaukeeWI","Greater Milwaukee"
"744",153,5,"DataSpecialistRemote","CreativeFinancialStaffingCFS","MilwaukeeWI","Greater Milwaukee"
"745",154,5,"DataAnalystII05FTE","ChildrensWisconsin","MilwaukeeWI","Greater Milwaukee"
"746",155,5,"DataAnalyst","USBank","MilwaukeeWI","Greater Milwaukee"
"747",156,5,"DataAnalystRemote","ChildrensWisconsin","MilwaukeeWI","Greater Milwaukee"
"748",157,5,"DataScientistI","ChildrensWisconsin","MilwaukeeWI","Greater Milwaukee"
"749",158,5,"HealthInformaticsDataAnalystCanbe","ViventHealth","MilwaukeeWI","Greater Milwaukee"
"750",159,5,"JrBusinessIntelligenceAnalyst","Staffigo","MilwaukeeWI","Greater Milwaukee"
"751",160,5,"JrBusinessIntelligenceAnalyst","Staffigo","MilwaukeeWI","Greater Milwaukee"
"752",161,5,"BusinessReportingAnalyst","Kohls","MenomoneeFallsWI","Greater Milwaukee"
"753",162,5,"DataAnalystEntryLevel","Staffigo","MilwaukeeWI","Greater Milwaukee"
"754",163,5,"InvestmentsDataReportingAnalyst","AllspringGlobalInvestments","MenomoneeFallsWI","Greater Milwaukee"
"755",164,5,"RemoteDataScienceAnalyst","ApexSystems","MilwaukeeWI","Greater Milwaukee"
"756",165,5,"JrBusinessIntelligenceAnalyst","Staffigo","RacineWI","Greater Milwaukee"
"757",166,5,"EntryLevelDataAnalyst","ExploreJobSearch","MilwaukeeWI","Greater Milwaukee"
"758",167,5,"DataAnalystEntryLevel","Staffigo","RacineWI","Greater Milwaukee"
"759",168,5,"EntryLevelDataAnalystNoExperienceRequiredDev10WI","Genesis10","MilwaukeeWI","Greater Milwaukee"
"760",169,5,"EntryLevelDataAnalyst","Staffigo","MilwaukeeWI","Greater Milwaukee"
"761",170,5,"EntryLevelDataAnalyst","Staffigo","MilwaukeeWI","Greater Milwaukee"
"762",171,5,"IndustryandBusinessIntelligenceAnalyst","WackerNeusonAmericaCorporation","MenomoneeFallsWI","Greater Milwaukee"
"763",172,5,"EntryLevelDataAnalyst","Staffigo","MilwaukeeWI","Greater Milwaukee"
"764",173,5,"EntryLevelDataAnalyst","Staffigo","MilwaukeeWI","Greater Milwaukee"
"765",174,5,"FinanceAnalyticsDataScientist","JohnsonControls","MilwaukeeWI","Greater Milwaukee"
"766",175,5,"DataCoordinator","ChildrensWisconsin","MilwaukeeWI","Greater Milwaukee"
"767",176,6,"BIDataAnalyticsIntern","MolsonCoorsBeverageCompany","MilwaukeeWI","Greater Milwaukee"
"768",177,6,"DataAnalytics","USBank","MilwaukeeWI","Greater Milwaukee"
"769",178,6,"DataSpecialistRemote","CreativeFinancialStaffingCFS","MilwaukeeWI","Greater Milwaukee"
"770",179,6,"DataAnalystII05FTE","ChildrensWisconsin","MilwaukeeWI","Greater Milwaukee"
"771",180,6,"DataAnalyst","USBank","MilwaukeeWI","Greater Milwaukee"
"772",181,6,"DataAnalystRemote","ChildrensWisconsin","MilwaukeeWI","Greater Milwaukee"
"773",182,6,"DataScientistI","ChildrensWisconsin","MilwaukeeWI","Greater Milwaukee"
"774",183,6,"HealthInformaticsDataAnalystCanbe","ViventHealth","MilwaukeeWI","Greater Milwaukee"
"775",184,6,"JrBusinessIntelligenceAnalyst","Staffigo","MilwaukeeWI","Greater Milwaukee"
"776",185,6,"JrBusinessIntelligenceAnalyst","Staffigo","MilwaukeeWI","Greater Milwaukee"
"777",186,6,"BusinessReportingAnalyst","Kohls","MenomoneeFallsWI","Greater Milwaukee"
"778",187,6,"DataAnalystEntryLevel","Staffigo","MilwaukeeWI","Greater Milwaukee"
"779",188,6,"InvestmentsDataReportingAnalyst","AllspringGlobalInvestments","MenomoneeFallsWI","Greater Milwaukee"
"780",189,6,"RemoteDataScienceAnalyst","ApexSystems","MilwaukeeWI","Greater Milwaukee"
"781",190,6,"JrBusinessIntelligenceAnalyst","Staffigo","RacineWI","Greater Milwaukee"
"782",191,6,"EntryLevelDataAnalyst","ExploreJobSearch","MilwaukeeWI","Greater Milwaukee"
"783",192,6,"DataAnalystEntryLevel","Staffigo","RacineWI","Greater Milwaukee"
"784",193,6,"EntryLevelDataAnalystNoExperienceRequiredDev10WI","Genesis10","MilwaukeeWI","Greater Milwaukee"
"785",194,6,"EntryLevelDataAnalyst","Staffigo","MilwaukeeWI","Greater Milwaukee"
"786",195,6,"EntryLevelDataAnalyst","Staffigo","MilwaukeeWI","Greater Milwaukee"
"787",196,6,"IndustryandBusinessIntelligenceAnalyst","WackerNeusonAmericaCorporation","MenomoneeFallsWI","Greater Milwaukee"
"788",197,6,"EntryLevelDataAnalyst","Staffigo","MilwaukeeWI","Greater Milwaukee"
"789",198,6,"EntryLevelDataAnalyst","Staffigo","MilwaukeeWI","Greater Milwaukee"
"790",199,6,"FinanceAnalyticsDataScientist","JohnsonControls","MilwaukeeWI","Greater Milwaukee"
"791",200,6,"DataCoordinator","ChildrensWisconsin","MilwaukeeWI","Greater Milwaukee"
"792",201,7,"BIDataAnalyticsIntern","MolsonCoorsBeverageCompany","MilwaukeeWI","Greater Milwaukee"
"793",202,7,"DataAnalytics","USBank","MilwaukeeWI","Greater Milwaukee"
"794",203,7,"DataSpecialistRemote","CreativeFinancialStaffingCFS","MilwaukeeWI","Greater Milwaukee"
"795",204,7,"DataAnalystII05FTE","ChildrensWisconsin","MilwaukeeWI","Greater Milwaukee"
"796",205,7,"DataAnalyst","USBank","MilwaukeeWI","Greater Milwaukee"
"797",206,7,"DataAnalystRemote","ChildrensWisconsin","MilwaukeeWI","Greater Milwaukee"
"798",207,7,"DataScientistI","ChildrensWisconsin","MilwaukeeWI","Greater Milwaukee"
"799",208,7,"JrBusinessIntelligenceAnalyst","Staffigo","MilwaukeeWI","Greater Milwaukee"
"800",209,7,"JrBusinessIntelligenceAnalyst","Staffigo","MilwaukeeWI","Greater Milwaukee"
"801",210,7,"BusinessReportingAnalyst","Kohls","MenomoneeFallsWI","Greater Milwaukee"
"802",211,7,"DataAnalystEntryLevel","Staffigo","MilwaukeeWI","Greater Milwaukee"
"803",212,7,"InvestmentsDataReportingAnalyst","AllspringGlobalInvestments","MenomoneeFallsWI","Greater Milwaukee"
"804",213,7,"RemoteDataScienceAnalyst","ApexSystems","MilwaukeeWI","Greater Milwaukee"
"805",214,7,"JrBusinessIntelligenceAnalyst","Staffigo","RacineWI","Greater Milwaukee"
"806",215,7,"EntryLevelDataAnalyst","ExploreJobSearch","MilwaukeeWI","Greater Milwaukee"
"807",216,7,"DataAnalystEntryLevel","Staffigo","RacineWI","Greater Milwaukee"
"808",217,7,"EntryLevelDataAnalystNoExperienceRequiredDev10WI","Genesis10","MilwaukeeWI","Greater Milwaukee"
"809",218,7,"EntryLevelDataAnalyst","Staffigo","MilwaukeeWI","Greater Milwaukee"
"810",219,7,"EntryLevelDataAnalyst","Staffigo","MilwaukeeWI","Greater Milwaukee"
"811",220,7,"IndustryandBusinessIntelligenceAnalyst","WackerNeusonAmericaCorporation","MenomoneeFallsWI","Greater Milwaukee"
"812",221,7,"EntryLevelDataAnalyst","Staffigo","MilwaukeeWI","Greater Milwaukee"
"813",222,7,"EntryLevelDataAnalyst","Staffigo","MilwaukeeWI","Greater Milwaukee"
"814",223,7,"FinancialAnalystREMOTE","Kohls","MenomoneeFallsWI","Greater Milwaukee"
"815",224,7,"FinanceAnalyticsDataScientist","JohnsonControls","MilwaukeeWI","Greater Milwaukee"
"816",225,7,"DataCoordinator","ChildrensWisconsin","MilwaukeeWI","Greater Milwaukee"
"817",226,8,"BIDataAnalyticsIntern","MolsonCoorsBeverageCompany","MilwaukeeWI","Greater Milwaukee"
"818",227,8,"DataAnalytics","USBank","MilwaukeeWI","Greater Milwaukee"
"819",228,8,"DataSpecialistRemote","CreativeFinancialStaffingCFS","MilwaukeeWI","Greater Milwaukee"
"820",229,8,"DataAnalystII05FTE","ChildrensWisconsin","MilwaukeeWI","Greater Milwaukee"
"821",230,8,"DataAnalyst","USBank","MilwaukeeWI","Greater Milwaukee"
"822",231,8,"DataAnalystRemote","ChildrensWisconsin","MilwaukeeWI","Greater Milwaukee"
"823",232,8,"DataScientistI","ChildrensWisconsin","MilwaukeeWI","Greater Milwaukee"
"824",233,8,"HealthInformaticsDataAnalystCanbe","ViventHealth","MilwaukeeWI","Greater Milwaukee"
"825",234,8,"JrBusinessIntelligenceAnalyst","Staffigo","MilwaukeeWI","Greater Milwaukee"
"826",235,8,"JrBusinessIntelligenceAnalyst","Staffigo","MilwaukeeWI","Greater Milwaukee"
"827",236,8,"BusinessReportingAnalyst","Kohls","MenomoneeFallsWI","Greater Milwaukee"
"828",237,8,"DataAnalystEntryLevel","Staffigo","MilwaukeeWI","Greater Milwaukee"
"829",238,8,"InvestmentsDataReportingAnalyst","AllspringGlobalInvestments","MenomoneeFallsWI","Greater Milwaukee"
"830",239,8,"RemoteDataScienceAnalyst","ApexSystems","MilwaukeeWI","Greater Milwaukee"
"831",240,8,"JrBusinessIntelligenceAnalyst","Staffigo","RacineWI","Greater Milwaukee"
"832",241,8,"EntryLevelDataAnalyst","ExploreJobSearch","MilwaukeeWI","Greater Milwaukee"
"833",242,8,"DataAnalystEntryLevel","Staffigo","RacineWI","Greater Milwaukee"
"834",243,8,"EntryLevelDataAnalystNoExperienceRequiredDev10WI","Genesis10","MilwaukeeWI","Greater Milwaukee"
"835",244,8,"EntryLevelDataAnalyst","Staffigo","MilwaukeeWI","Greater Milwaukee"
"836",245,8,"EntryLevelDataAnalyst","Staffigo","MilwaukeeWI","Greater Milwaukee"
"837",246,8,"IndustryandBusinessIntelligenceAnalyst","WackerNeusonAmericaCorporation","MenomoneeFallsWI","Greater Milwaukee"
"838",247,8,"EntryLevelDataAnalyst","Staffigo","MilwaukeeWI","Greater Milwaukee"
"839",248,8,"EntryLevelDataAnalyst","Staffigo","MilwaukeeWI","Greater Milwaukee"
"840",249,8,"FinanceAnalyticsDataScientist","JohnsonControls","MilwaukeeWI","Greater Milwaukee"
"841",250,8,"DataCoordinator","ChildrensWisconsin","MilwaukeeWI","Greater Milwaukee"
"842",251,9,"BIDataAnalyticsIntern","MolsonCoorsBeverageCompany","MilwaukeeWI","Greater Milwaukee"
"843",252,9,"DataAnalytics","USBank","MilwaukeeWI","Greater Milwaukee"
"844",253,9,"DataSpecialistRemote","CreativeFinancialStaffingCFS","MilwaukeeWI","Greater Milwaukee"
"845",254,9,"DataAnalystII05FTE","ChildrensWisconsin","MilwaukeeWI","Greater Milwaukee"
"846",255,9,"DataAnalyst","USBank","MilwaukeeWI","Greater Milwaukee"
"847",256,9,"DataAnalystRemote","ChildrensWisconsin","MilwaukeeWI","Greater Milwaukee"
"848",257,9,"DataScientistI","ChildrensWisconsin","MilwaukeeWI","Greater Milwaukee"
"849",258,9,"HealthInformaticsDataAnalystCanbe","ViventHealth","MilwaukeeWI","Greater Milwaukee"
"850",259,9,"JrBusinessIntelligenceAnalyst","Staffigo","MilwaukeeWI","Greater Milwaukee"
"851",260,9,"JrBusinessIntelligenceAnalyst","Staffigo","MilwaukeeWI","Greater Milwaukee"
"852",261,9,"BusinessReportingAnalyst","Kohls","MenomoneeFallsWI","Greater Milwaukee"
"853",262,9,"DataAnalystEntryLevel","Staffigo","MilwaukeeWI","Greater Milwaukee"
"854",263,9,"InvestmentsDataReportingAnalyst","AllspringGlobalInvestments","MenomoneeFallsWI","Greater Milwaukee"
"855",264,9,"RemoteDataScienceAnalyst","ApexSystems","MilwaukeeWI","Greater Milwaukee"
"856",265,9,"JrBusinessIntelligenceAnalyst","Staffigo","RacineWI","Greater Milwaukee"
"857",266,9,"EntryLevelDataAnalyst","ExploreJobSearch","MilwaukeeWI","Greater Milwaukee"
"858",267,9,"DataAnalystEntryLevel","Staffigo","RacineWI","Greater Milwaukee"
"859",268,9,"EntryLevelDataAnalystNoExperienceRequiredDev10WI","Genesis10","MilwaukeeWI","Greater Milwaukee"
"860",269,9,"EntryLevelDataAnalyst","Staffigo","MilwaukeeWI","Greater Milwaukee"
"861",270,9,"EntryLevelDataAnalyst","Staffigo","MilwaukeeWI","Greater Milwaukee"
"862",271,9,"IndustryandBusinessIntelligenceAnalyst","WackerNeusonAmericaCorporation","MenomoneeFallsWI","Greater Milwaukee"
"863",272,9,"EntryLevelDataAnalyst","Staffigo","MilwaukeeWI","Greater Milwaukee"
"864",273,9,"EntryLevelDataAnalyst","Staffigo","MilwaukeeWI","Greater Milwaukee"
"865",274,9,"FinanceAnalyticsDataScientist","JohnsonControls","MilwaukeeWI","Greater Milwaukee"
"866",275,9,"DataCoordinator","ChildrensWisconsin","MilwaukeeWI","Greater Milwaukee"
