"","Program","Date","Time","Interest","DateTime"
"1","INFORMATION, PH.D.",2023-07-10,18:25:00,2,2023-07-10 18:25:00
"2","NURSING, PH.D.",2023-07-10,18:25:00,1,2023-07-10 18:25:00
"3","PHARMACEUTICAL SCIENCES, PH.D.",2023-07-10,18:25:00,3,2023-07-10 18:25:00
"4","HORTICULTURE, PH.D.",2023-07-10,18:25:00,4,2023-07-10 18:25:00
"5","BIOLOGICAL SYSTEMS ENGINEERING, PH.D.",2023-07-10,18:25:00,4,2023-07-10 18:25:00
"6","POPULATION HEALTH, PH.D.",2023-07-10,18:25:00,3,2023-07-10 18:25:00
"7","CHEMICAL ENGINEERING, PH.D.",2023-07-10,18:25:00,2,2023-07-10 18:25:00
"8","MOLECULAR AND ENVIRONMENTAL TOXICOLOGY, PH.D.",2023-07-10,18:25:00,4,2023-07-10 18:25:00
"9","NUCLEAR ENGINEERING AND ENGINEERING PHYSICS, PH.D.",2023-07-10,18:25:00,2,2023-07-10 18:25:00
"10","MECHANICAL ENGINEERING, PH.D.",2023-07-10,18:25:00,3,2023-07-10 18:25:00
"11","ATMOSPHERIC AND OCEANIC SCIENCES, PH.D.",2023-07-10,18:25:00,5,2023-07-10 18:25:00
"12","CLINICAL INVESTIGATION, PH.D.",2023-07-10,18:25:00,2,2023-07-10 18:25:00
"13","EPIDEMIOLOGY, PH.D.",2023-07-10,18:25:00,2,2023-07-10 18:25:00
"14","GENETICS, PH.D.",2023-07-10,18:25:00,4,2023-07-10 18:25:00
"15","PLANT PATHOLOGY, PH.D.",2023-07-10,18:25:00,4,2023-07-10 18:25:00
"16","PHYSICS, PH.D.",2023-07-10,18:25:00,4,2023-07-10 18:25:00
"17","ELECTRICAL AND COMPUTER ENGINEERING, PH.D.",2023-07-10,18:25:00,3,2023-07-10 18:25:00
"18","GEOSCIENCE, PH.D.",2023-07-10,18:25:00,4,2023-07-10 18:25:00
"19","ASTRONOMY, PH.D.",2023-07-10,18:25:00,2,2023-07-10 18:25:00
"20","ENTOMOLOGY, PH.D.",2023-07-10,18:25:00,5,2023-07-10 18:25:00
"21","ECONOMICS, PH.D.",2023-07-10,18:25:00,4,2023-07-10 18:25:00
"22","BIOMEDICAL DATA SCIENCE, PH.D.",2023-07-10,18:25:00,4,2023-07-10 18:25:00
"23","BOTANY, PH.D.",2023-07-10,18:25:00,4,2023-07-10 18:25:00
"24","MATHEMATICS, PH.D.",2023-07-10,18:25:00,3,2023-07-10 18:25:00
"25","MEDICAL PHYSICS, PH.D.",2023-07-10,18:25:00,3,2023-07-10 18:25:00
"26","BUSINESS: INSURANCE ECONOMICS AND ACTUARIAL ANALYTICS, PH.D.",2023-07-10,18:25:00,2,2023-07-10 18:25:00
"27","CELLULAR AND MOLECULAR PATHOLOGY, PH.D.",2023-07-10,18:25:00,3,2023-07-10 18:25:00
"28","INDUSTRIAL ENGINEERING, PH.D.",2023-07-10,18:25:00,3,2023-07-10 18:25:00
"29","GEOGRAPHY, PH.D.",2023-07-10,18:25:00,4,2023-07-10 18:25:00
"30","AGRONOMY, PH.D.",2023-07-10,18:25:00,4,2023-07-10 18:25:00
"31","BIOCHEMISTRY, PH.D.",2023-07-10,18:25:00,3,2023-07-10 18:25:00
"32","CELLULAR AND MOLECULAR BIOLOGY, PH.D.",2023-07-10,18:25:00,3,2023-07-10 18:25:00
"33","FORESTRY, PH.D.",2023-07-10,18:25:00,5,2023-07-10 18:25:00
"34","ENGINEERING MECHANICS, PH.D.",2023-07-10,18:25:00,3,2023-07-10 18:25:00
"35","ENVIRONMENT AND RESOURCES, PH.D.",2023-07-10,18:25:00,5,2023-07-10 18:25:00
"36","HEALTH SERVICES RESEARCH IN PHARMACY, PH.D.",2023-07-10,18:25:00,2,2023-07-10 18:25:00
"37","PLANT BREEDING AND PLANT GENETICS, PH.D",2023-07-10,18:25:00,5,2023-07-10 18:25:00
"38","CIVIL AND ENVIRONMENTAL ENGINEERING, PH.D.",2023-07-10,18:25:00,5,2023-07-10 18:25:00
"39","BIOPHYSICS, PH.D.",2023-07-10,18:25:00,4,2023-07-10 18:25:00
"40","COMPUTER SCIENCES, PH.D.",2023-07-10,18:25:00,5,2023-07-10 18:25:00
"41","GEOLOGICAL ENGINEERING, PH.D.",2023-07-10,18:25:00,4,2023-07-10 18:25:00
"42","BUSINESS: OPERATIONS AND INFORMATION MANAGEMENT, PH.D.",2023-07-10,18:25:00,4,2023-07-10 18:25:00
"43","CANCER BIOLOGY, PH.D.",2023-07-10,18:25:00,5,2023-07-10 18:25:00
"44","HUMAN ECOLOGY, PH.D.",2023-07-10,18:25:00,4,2023-07-10 18:25:00
"45","SOIL SCIENCE, PH.D.",2023-07-10,18:25:00,4,2023-07-10 18:25:00
"46","ENDOCRINOLOGY-REPRODUCTIVE PHYSIOLOGY, PH.D.",2023-07-10,18:25:00,2,2023-07-10 18:25:00
"47","FRESHWATER AND MARINE SCIENCE, PH.D.",2023-07-10,18:25:00,4,2023-07-10 18:25:00
"48","MICROBIOLOGY, PH.D.",2023-07-10,18:25:00,4,2023-07-10 18:25:00
"49","INTEGRATIVE BIOLOGY, PH.D.",2023-07-10,18:25:00,5,2023-07-10 18:25:00
"50","MOLECULAR AND CELLULAR PHARMACOLOGY, PH.D.",2023-07-10,18:25:00,2,2023-07-10 18:25:00
"51","NEUROSCIENCE, PH.D.",2023-07-10,18:25:00,3,2023-07-10 18:25:00
"52","FOOD SCIENCE, PH.D.",2023-07-10,18:25:00,3,2023-07-10 18:25:00
"53","BIOMEDICAL ENGINEERING, PH.D.",2023-07-10,18:25:00,4,2023-07-10 18:25:00
"54","BUSINESS: FINANCE, PH.D.",2023-07-10,18:25:00,3,2023-07-10 18:25:00
"55","COMPARATIVE BIOMEDICAL SCIENCES, PH.D.",2023-07-10,18:25:00,3,2023-07-10 18:25:00
"56","ENVIRONMENTAL CHEMISTRY AND TECHNOLOGY, PH.D.",2023-07-10,18:25:00,5,2023-07-10 18:25:00
"57","AGRICULTURAL AND APPLIED ECONOMICS",2023-07-10,18:25:00,4,2023-07-10 18:25:00
"58","STATISTICS, PH.D.",2023-07-10,18:25:00,5,2023-07-10 18:25:00
"59","WILDLIFE ECOLOGY, PH.D.",2023-07-10,18:25:00,4,2023-07-10 18:25:00
"60","NURSING PRACTICE, DNP",2023-07-10,18:25:00,1,2023-07-10 18:25:00
"61","CHEMISTRY, PH.D.",2023-07-10,18:25:00,2,2023-07-10 18:25:00
"62","BUSINESS: ACCOUNTING, PH.D.",2023-07-10,18:25:00,3,2023-07-10 18:25:00
"63","SOIL SCIENCE, PH.D.",2023-07-11,10:45:00,4,2023-07-11 10:45:00
"64","MICROBIOLOGY, PH.D.",2023-07-11,10:45:00,3,2023-07-11 10:45:00
"65","BUSINESS: FINANCE, PH.D.",2023-07-11,10:45:00,3,2023-07-11 10:45:00
"66","BUSINESS: OPERATIONS AND INFORMATION MANAGEMENT, PH.D.",2023-07-11,10:45:00,4,2023-07-11 10:45:00
"67","BIOLOGICAL SYSTEMS ENGINEERING, PH.D.",2023-07-11,10:45:00,4,2023-07-11 10:45:00
"68","PLANT BREEDING AND PLANT GENETICS, PH.D",2023-07-11,10:45:00,5,2023-07-11 10:45:00
"69","FORESTRY, PH.D.",2023-07-11,10:45:00,5,2023-07-11 10:45:00
"70","HORTICULTURE, PH.D.",2023-07-11,10:45:00,5,2023-07-11 10:45:00
"71","NURSING, PH.D.",2023-07-11,10:45:00,1,2023-07-11 10:45:00
"72","COMPUTER SCIENCES, PH.D.",2023-07-11,10:45:00,5,2023-07-11 10:45:00
"73","AGRONOMY, PH.D.",2023-07-11,10:45:00,4,2023-07-11 10:45:00
"74","PHARMACEUTICAL SCIENCES, PH.D.",2023-07-11,10:45:00,3,2023-07-11 10:45:00
"75","MECHANICAL ENGINEERING, PH.D.",2023-07-11,10:45:00,3,2023-07-11 10:45:00
"76","HEALTH SERVICES RESEARCH IN PHARMACY, PH.D.",2023-07-11,10:45:00,3,2023-07-11 10:45:00
"77","FRESHWATER AND MARINE SCIENCE, PH.D.",2023-07-11,10:45:00,4,2023-07-11 10:45:00
"78","CHEMICAL ENGINEERING, PH.D.",2023-07-11,10:45:00,2,2023-07-11 10:45:00
"79","NURSING PRACTICE, DNP",2023-07-11,10:45:00,1,2023-07-11 10:45:00
"80","ENVIRONMENTAL CHEMISTRY AND TECHNOLOGY, PH.D.",2023-07-11,10:45:00,4,2023-07-11 10:45:00
"81","CLINICAL INVESTIGATION, PH.D.",2023-07-11,10:45:00,3,2023-07-11 10:45:00
"82","PLANT PATHOLOGY, PH.D.",2023-07-11,10:45:00,4,2023-07-11 10:45:00
"83","EPIDEMIOLOGY, PH.D.",2023-07-11,10:45:00,3,2023-07-11 10:45:00
"84","ATMOSPHERIC AND OCEANIC SCIENCES, PH.D.",2023-07-11,10:45:00,5,2023-07-11 10:45:00
"85","AGRICULTURAL AND APPLIED ECONOMICS",2023-07-11,10:45:00,5,2023-07-11 10:45:00
"86","GEOGRAPHY, PH.D.",2023-07-11,10:45:00,5,2023-07-11 10:45:00
"87","CIVIL AND ENVIRONMENTAL ENGINEERING, PH.D.",2023-07-11,10:45:00,5,2023-07-11 10:45:00
"88","BIOCHEMISTRY, PH.D.",2023-07-11,10:45:00,3,2023-07-11 10:45:00
"89","CHEMISTRY, PH.D.",2023-07-11,10:45:00,2,2023-07-11 10:45:00
"90","FOOD SCIENCE, PH.D.",2023-07-11,10:45:00,3,2023-07-11 10:45:00
"91","HUMAN ECOLOGY, PH.D.",2023-07-11,10:45:00,4,2023-07-11 10:45:00
"92","BIOMEDICAL DATA SCIENCE, PH.D.",2023-07-11,10:45:00,4,2023-07-11 10:45:00
"93","PHYSICS, PH.D.",2023-07-11,10:45:00,4,2023-07-11 10:45:00
"94","STATISTICS, PH.D.",2023-07-11,10:45:00,5,2023-07-11 10:45:00
"95","ENGINEERING MECHANICS, PH.D.",2023-07-11,10:45:00,2,2023-07-11 10:45:00
"96","ENTOMOLOGY, PH.D.",2023-07-11,10:45:00,5,2023-07-11 10:45:00
"97","INDUSTRIAL ENGINEERING, PH.D.",2023-07-11,10:45:00,4,2023-07-11 10:45:00
"98","NEUROSCIENCE, PH.D.",2023-07-11,10:45:00,3,2023-07-11 10:45:00
"99","WILDLIFE ECOLOGY, PH.D.",2023-07-11,10:45:00,4,2023-07-11 10:45:00
"100","CELLULAR AND MOLECULAR PATHOLOGY, PH.D.",2023-07-11,10:45:00,3,2023-07-11 10:45:00
"101","BUSINESS: INSURANCE ECONOMICS AND ACTUARIAL ANALYTICS, PH.D.",2023-07-11,10:45:00,3,2023-07-11 10:45:00
"102","GENETICS, PH.D.",2023-07-11,10:45:00,4,2023-07-11 10:45:00
"103","ECONOMICS, PH.D.",2023-07-11,10:45:00,4,2023-07-11 10:45:00
"104","POPULATION HEALTH, PH.D.",2023-07-11,10:45:00,4,2023-07-11 10:45:00
"105","CANCER BIOLOGY, PH.D.",2023-07-11,10:45:00,4,2023-07-11 10:45:00
"106","ELECTRICAL AND COMPUTER ENGINEERING, PH.D.",2023-07-11,10:45:00,3,2023-07-11 10:45:00
"107","BUSINESS: ACCOUNTING, PH.D.",2023-07-11,10:45:00,3,2023-07-11 10:45:00
"108","INTEGRATIVE BIOLOGY, PH.D.",2023-07-11,10:45:00,5,2023-07-11 10:45:00
"109","MOLECULAR AND ENVIRONMENTAL TOXICOLOGY, PH.D.",2023-07-11,10:45:00,4,2023-07-11 10:45:00
"110","BOTANY, PH.D.",2023-07-11,10:45:00,5,2023-07-11 10:45:00
"111","GEOLOGICAL ENGINEERING, PH.D.",2023-07-11,10:45:00,3,2023-07-11 10:45:00
"112","MEDICAL PHYSICS, PH.D.",2023-07-11,10:45:00,3,2023-07-11 10:45:00
"113","MOLECULAR AND CELLULAR PHARMACOLOGY, PH.D.",2023-07-11,10:45:00,2,2023-07-11 10:45:00
"114","BIOPHYSICS, PH.D.",2023-07-11,10:45:00,5,2023-07-11 10:45:00
"115","MATHEMATICS, PH.D.",2023-07-11,10:45:00,4,2023-07-11 10:45:00
"116","ENVIRONMENT AND RESOURCES, PH.D.",2023-07-11,10:45:00,5,2023-07-11 10:45:00
"117","NUCLEAR ENGINEERING AND ENGINEERING PHYSICS, PH.D.",2023-07-11,10:45:00,3,2023-07-11 10:45:00
"118","ASTRONOMY, PH.D.",2023-07-11,10:45:00,2,2023-07-11 10:45:00
"119","COMPARATIVE BIOMEDICAL SCIENCES, PH.D.",2023-07-11,10:45:00,3,2023-07-11 10:45:00
"120","GEOSCIENCE, PH.D.",2023-07-11,10:45:00,5,2023-07-11 10:45:00
"121","BIOMEDICAL ENGINEERING, PH.D.",2023-07-11,10:45:00,4,2023-07-11 10:45:00
"122","ENDOCRINOLOGY-REPRODUCTIVE PHYSIOLOGY, PH.D.",2023-07-11,10:45:00,1,2023-07-11 10:45:00
"123","CELLULAR AND MOLECULAR BIOLOGY, PH.D.",2023-07-11,10:45:00,2,2023-07-11 10:45:00
"124","INFORMATION, PH.D.",2023-07-11,10:45:00,2,2023-07-11 10:45:00
"125","MICROBIOLOGY, PH.D.",2023-07-12,21:45:00,3,2023-07-12 21:45:00
"126","BIOMEDICAL ENGINEERING, PH.D.",2023-07-12,21:45:00,4,2023-07-12 21:45:00
"127","HORTICULTURE, PH.D.",2023-07-12,21:45:00,4,2023-07-12 21:45:00
"128","POPULATION HEALTH, PH.D.",2023-07-12,21:45:00,3,2023-07-12 21:45:00
"129","COMPUTER SCIENCES, PH.D.",2023-07-12,21:45:00,5,2023-07-12 21:45:00
"130","ATMOSPHERIC AND OCEANIC SCIENCES, PH.D.",2023-07-12,21:45:00,5,2023-07-12 21:45:00
"131","NEUROSCIENCE, PH.D.",2023-07-12,21:45:00,3,2023-07-12 21:45:00
"132","BUSINESS: ACCOUNTING, PH.D.",2023-07-12,21:45:00,3,2023-07-12 21:45:00
"133","ENVIRONMENTAL CHEMISTRY AND TECHNOLOGY, PH.D.",2023-07-12,21:45:00,5,2023-07-12 21:45:00
"134","BUSINESS: FINANCE, PH.D.",2023-07-12,21:45:00,3,2023-07-12 21:45:00
"135","NURSING PRACTICE, DNP",2023-07-12,21:45:00,1,2023-07-12 21:45:00
"136","MOLECULAR AND CELLULAR PHARMACOLOGY, PH.D.",2023-07-12,21:45:00,2,2023-07-12 21:45:00
"137","MECHANICAL ENGINEERING, PH.D.",2023-07-12,21:45:00,3,2023-07-12 21:45:00
"138","HEALTH SERVICES RESEARCH IN PHARMACY, PH.D.",2023-07-12,21:45:00,2,2023-07-12 21:45:00
"139","BIOMEDICAL DATA SCIENCE, PH.D.",2023-07-12,21:45:00,4,2023-07-12 21:45:00
"140","PLANT BREEDING AND PLANT GENETICS, PH.D",2023-07-12,21:45:00,4,2023-07-12 21:45:00
"141","CELLULAR AND MOLECULAR PATHOLOGY, PH.D.",2023-07-12,21:45:00,3,2023-07-12 21:45:00
"142","WILDLIFE ECOLOGY, PH.D.",2023-07-12,21:45:00,5,2023-07-12 21:45:00
"143","FORESTRY, PH.D.",2023-07-12,21:45:00,5,2023-07-12 21:45:00
"144","PHARMACEUTICAL SCIENCES, PH.D.",2023-07-12,21:45:00,2,2023-07-12 21:45:00
"145","ELECTRICAL AND COMPUTER ENGINEERING, PH.D.",2023-07-12,21:45:00,3,2023-07-12 21:45:00
"146","ENVIRONMENT AND RESOURCES, PH.D.",2023-07-12,21:45:00,5,2023-07-12 21:45:00
"147","HUMAN ECOLOGY, PH.D.",2023-07-12,21:45:00,4,2023-07-12 21:45:00
"148","INFORMATION, PH.D.",2023-07-12,21:45:00,2,2023-07-12 21:45:00
"149","CIVIL AND ENVIRONMENTAL ENGINEERING, PH.D.",2023-07-12,21:45:00,4,2023-07-12 21:45:00
"150","INTEGRATIVE BIOLOGY, PH.D.",2023-07-12,21:45:00,5,2023-07-12 21:45:00
"151","BIOPHYSICS, PH.D.",2023-07-12,21:45:00,5,2023-07-12 21:45:00
"152","GEOLOGICAL ENGINEERING, PH.D.",2023-07-12,21:45:00,4,2023-07-12 21:45:00
"153","CANCER BIOLOGY, PH.D.",2023-07-12,21:45:00,4,2023-07-12 21:45:00
"154","FRESHWATER AND MARINE SCIENCE, PH.D.",2023-07-12,21:45:00,4,2023-07-12 21:45:00
"155","ENDOCRINOLOGY-REPRODUCTIVE PHYSIOLOGY, PH.D.",2023-07-12,21:45:00,1,2023-07-12 21:45:00
"156","BUSINESS: INSURANCE ECONOMICS AND ACTUARIAL ANALYTICS, PH.D.",2023-07-12,21:45:00,3,2023-07-12 21:45:00
"157","PHYSICS, PH.D.",2023-07-12,21:45:00,3,2023-07-12 21:45:00
"158","MATHEMATICS, PH.D.",2023-07-12,21:45:00,4,2023-07-12 21:45:00
"159","ENGINEERING MECHANICS, PH.D.",2023-07-12,21:45:00,2,2023-07-12 21:45:00
"160","GEOGRAPHY, PH.D.",2023-07-12,21:45:00,4,2023-07-12 21:45:00
"161","CHEMISTRY, PH.D.",2023-07-12,21:45:00,2,2023-07-12 21:45:00
"162","INDUSTRIAL ENGINEERING, PH.D.",2023-07-12,21:45:00,4,2023-07-12 21:45:00
"163","BOTANY, PH.D.",2023-07-12,21:45:00,4,2023-07-12 21:45:00
"164","FOOD SCIENCE, PH.D.",2023-07-12,21:45:00,3,2023-07-12 21:45:00
"165","CLINICAL INVESTIGATION, PH.D.",2023-07-12,21:45:00,2,2023-07-12 21:45:00
"166","CELLULAR AND MOLECULAR BIOLOGY, PH.D.",2023-07-12,21:45:00,3,2023-07-12 21:45:00
"167","BUSINESS: OPERATIONS AND INFORMATION MANAGEMENT, PH.D.",2023-07-12,21:45:00,3,2023-07-12 21:45:00
"168","ENTOMOLOGY, PH.D.",2023-07-12,21:45:00,5,2023-07-12 21:45:00
"169","AGRICULTURAL AND APPLIED ECONOMICS",2023-07-12,21:45:00,4,2023-07-12 21:45:00
"170","BIOCHEMISTRY, PH.D.",2023-07-12,21:45:00,3,2023-07-12 21:45:00
"171","NUCLEAR ENGINEERING AND ENGINEERING PHYSICS, PH.D.",2023-07-12,21:45:00,2,2023-07-12 21:45:00
"172","PLANT PATHOLOGY, PH.D.",2023-07-12,21:45:00,4,2023-07-12 21:45:00
"173","ECONOMICS, PH.D.",2023-07-12,21:45:00,4,2023-07-12 21:45:00
"174","GEOSCIENCE, PH.D.",2023-07-12,21:45:00,5,2023-07-12 21:45:00
"175","ASTRONOMY, PH.D.",2023-07-12,21:45:00,1,2023-07-12 21:45:00
"176","BIOLOGICAL SYSTEMS ENGINEERING, PH.D.",2023-07-12,21:45:00,5,2023-07-12 21:45:00
"177","EPIDEMIOLOGY, PH.D.",2023-07-12,21:45:00,3,2023-07-12 21:45:00
"178","MOLECULAR AND ENVIRONMENTAL TOXICOLOGY, PH.D.",2023-07-12,21:45:00,5,2023-07-12 21:45:00
"179","COMPARATIVE BIOMEDICAL SCIENCES, PH.D.",2023-07-12,21:45:00,4,2023-07-12 21:45:00
"180","AGRONOMY, PH.D.",2023-07-12,21:45:00,4,2023-07-12 21:45:00
"181","GENETICS, PH.D.",2023-07-12,21:45:00,4,2023-07-12 21:45:00
"182","SOIL SCIENCE, PH.D.",2023-07-12,21:45:00,4,2023-07-12 21:45:00
"183","NURSING, PH.D.",2023-07-12,21:45:00,1,2023-07-12 21:45:00
"184","CHEMICAL ENGINEERING, PH.D.",2023-07-12,21:45:00,1,2023-07-12 21:45:00
"185","MEDICAL PHYSICS, PH.D.",2023-07-12,21:45:00,3,2023-07-12 21:45:00
"186","STATISTICS, PH.D.",2023-07-12,21:45:00,5,2023-07-12 21:45:00
"187","WILDLIFE ECOLOGY, PH.D.",2023-07-18,10:40:00,5,2023-07-18 10:40:00
"188","NEUROSCIENCE, PH.D.",2023-07-18,10:40:00,3,2023-07-18 10:40:00
"189","ELECTRICAL AND COMPUTER ENGINEERING, PH.D.",2023-07-18,10:40:00,4,2023-07-18 10:40:00
"190","BIOMEDICAL ENGINEERING, PH.D.",2023-07-18,10:40:00,4,2023-07-18 10:40:00
"191","PHARMACEUTICAL SCIENCES, PH.D.",2023-07-18,10:40:00,3,2023-07-18 10:40:00
"192","ENGINEERING MECHANICS, PH.D.",2023-07-18,10:40:00,3,2023-07-18 10:40:00
"193","INDUSTRIAL ENGINEERING, PH.D.",2023-07-18,10:40:00,3,2023-07-18 10:40:00
"194","MEDICAL PHYSICS, PH.D.",2023-07-18,10:40:00,4,2023-07-18 10:40:00
"195","HORTICULTURE, PH.D.",2023-07-18,10:40:00,4,2023-07-18 10:40:00
"196","MATHEMATICS, PH.D.",2023-07-18,10:40:00,4,2023-07-18 10:40:00
"197","INTEGRATIVE BIOLOGY, PH.D.",2023-07-18,10:40:00,5,2023-07-18 10:40:00
"198","CLINICAL INVESTIGATION, PH.D.",2023-07-18,10:40:00,3,2023-07-18 10:40:00
"199","SOIL SCIENCE, PH.D.",2023-07-18,10:40:00,4,2023-07-18 10:40:00
"200","POPULATION HEALTH, PH.D.",2023-07-18,10:40:00,3,2023-07-18 10:40:00
"201","NURSING PRACTICE, DNP",2023-07-18,10:40:00,1,2023-07-18 10:40:00
"202","CIVIL AND ENVIRONMENTAL ENGINEERING, PH.D.",2023-07-18,10:40:00,3,2023-07-18 10:40:00
"203","BIOLOGICAL SYSTEMS ENGINEERING, PH.D.",2023-07-18,10:40:00,3,2023-07-18 10:40:00
"204","BUSINESS: FINANCE, PH.D.",2023-07-18,10:40:00,3,2023-07-18 10:40:00
"205","COMPARATIVE BIOMEDICAL SCIENCES, PH.D.",2023-07-18,10:40:00,2,2023-07-18 10:40:00
"206","ECONOMICS, PH.D.",2023-07-18,10:40:00,4,2023-07-18 10:40:00
"207","ATMOSPHERIC AND OCEANIC SCIENCES, PH.D.",2023-07-18,10:40:00,5,2023-07-18 10:40:00
"208","PHYSICS, PH.D.",2023-07-18,10:40:00,3,2023-07-18 10:40:00
"209","INFORMATION, PH.D.",2023-07-18,10:40:00,2,2023-07-18 10:40:00
"210","FORESTRY, PH.D.",2023-07-18,10:40:00,4,2023-07-18 10:40:00
"211","NURSING, PH.D.",2023-07-18,10:40:00,1,2023-07-18 10:40:00
"212","BIOPHYSICS, PH.D.",2023-07-18,10:40:00,4,2023-07-18 10:40:00
"213","ASTRONOMY, PH.D.",2023-07-18,10:40:00,2,2023-07-18 10:40:00
"214","BUSINESS: ACCOUNTING, PH.D.",2023-07-18,10:40:00,3,2023-07-18 10:40:00
"215","CELLULAR AND MOLECULAR BIOLOGY, PH.D.",2023-07-18,10:40:00,3,2023-07-18 10:40:00
"216","MECHANICAL ENGINEERING, PH.D.",2023-07-18,10:40:00,3,2023-07-18 10:40:00
"217","CHEMISTRY, PH.D.",2023-07-18,10:40:00,3,2023-07-18 10:40:00
"218","CELLULAR AND MOLECULAR PATHOLOGY, PH.D.",2023-07-18,10:40:00,3,2023-07-18 10:40:00
"219","MOLECULAR AND ENVIRONMENTAL TOXICOLOGY, PH.D.",2023-07-18,10:40:00,4,2023-07-18 10:40:00
"220","BUSINESS: INSURANCE ECONOMICS AND ACTUARIAL ANALYTICS, PH.D.",2023-07-18,10:40:00,3,2023-07-18 10:40:00
"221","CHEMICAL ENGINEERING, PH.D.",2023-07-18,10:40:00,2,2023-07-18 10:40:00
"222","BOTANY, PH.D.",2023-07-18,10:40:00,4,2023-07-18 10:40:00
"223","STATISTICS, PH.D.",2023-07-18,10:40:00,5,2023-07-18 10:40:00
"224","NUCLEAR ENGINEERING AND ENGINEERING PHYSICS, PH.D.",2023-07-18,10:40:00,2,2023-07-18 10:40:00
"225","MOLECULAR AND CELLULAR PHARMACOLOGY, PH.D.",2023-07-18,10:40:00,1,2023-07-18 10:40:00
"226","ENTOMOLOGY, PH.D.",2023-07-18,10:40:00,5,2023-07-18 10:40:00
"227","GEOSCIENCE, PH.D.",2023-07-18,10:40:00,5,2023-07-18 10:40:00
"228","GEOGRAPHY, PH.D.",2023-07-18,10:40:00,5,2023-07-18 10:40:00
"229","GENETICS, PH.D.",2023-07-18,10:40:00,4,2023-07-18 10:40:00
"230","BIOCHEMISTRY, PH.D.",2023-07-18,10:40:00,3,2023-07-18 10:40:00
"231","ENDOCRINOLOGY-REPRODUCTIVE PHYSIOLOGY, PH.D.",2023-07-18,10:40:00,1,2023-07-18 10:40:00
"232","ENVIRONMENTAL CHEMISTRY AND TECHNOLOGY, PH.D.",2023-07-18,10:40:00,5,2023-07-18 10:40:00
"233","PLANT PATHOLOGY, PH.D.",2023-07-18,10:40:00,4,2023-07-18 10:40:00
"234","FRESHWATER AND MARINE SCIENCE, PH.D.",2023-07-18,10:40:00,4,2023-07-18 10:40:00
"235","EPIDEMIOLOGY, PH.D.",2023-07-18,10:40:00,3,2023-07-18 10:40:00
"236","AGRONOMY, PH.D.",2023-07-18,10:40:00,3,2023-07-18 10:40:00
"237","ENVIRONMENT AND RESOURCES, PH.D.",2023-07-18,10:40:00,4,2023-07-18 10:40:00
"238","COMPUTER SCIENCES, PH.D.",2023-07-18,10:40:00,5,2023-07-18 10:40:00
"239","MICROBIOLOGY, PH.D.",2023-07-18,10:40:00,3,2023-07-18 10:40:00
"240","CANCER BIOLOGY, PH.D.",2023-07-18,10:40:00,3,2023-07-18 10:40:00
"241","GEOLOGICAL ENGINEERING, PH.D.",2023-07-18,10:40:00,3,2023-07-18 10:40:00
"242","HUMAN ECOLOGY, PH.D.",2023-07-18,10:40:00,4,2023-07-18 10:40:00
"243","BIOMEDICAL DATA SCIENCE, PH.D.",2023-07-18,10:40:00,4,2023-07-18 10:40:00
"244","PLANT BREEDING AND PLANT GENETICS, PH.D",2023-07-18,10:40:00,4,2023-07-18 10:40:00
"245","BUSINESS: OPERATIONS AND INFORMATION MANAGEMENT, PH.D.",2023-07-18,10:40:00,4,2023-07-18 10:40:00
"246","HEALTH SERVICES RESEARCH IN PHARMACY, PH.D.",2023-07-18,10:40:00,2,2023-07-18 10:40:00
"247","AGRICULTURAL AND APPLIED ECONOMICS",2023-07-18,10:40:00,4,2023-07-18 10:40:00
"248","FOOD SCIENCE, PH.D.",2023-07-18,10:40:00,3,2023-07-18 10:40:00
"249","ELECTRICAL AND COMPUTER ENGINEERING, PH.D.",2023-07-20,21:27:00,3,2023-07-20 21:27:00
"250","NURSING, PH.D.",2023-07-20,21:27:00,1,2023-07-20 21:27:00
"251","WILDLIFE ECOLOGY, PH.D.",2023-07-20,21:27:00,4,2023-07-20 21:27:00
"252","INFORMATION, PH.D.",2023-07-20,21:27:00,3,2023-07-20 21:27:00
"253","MOLECULAR AND CELLULAR PHARMACOLOGY, PH.D.",2023-07-20,21:27:00,2,2023-07-20 21:27:00
"254","MEDICAL PHYSICS, PH.D.",2023-07-20,21:27:00,3,2023-07-20 21:27:00
"255","PHARMACEUTICAL SCIENCES, PH.D.",2023-07-20,21:27:00,2,2023-07-20 21:27:00
"256","BUSINESS: ACCOUNTING, PH.D.",2023-07-20,21:27:00,3,2023-07-20 21:27:00
"257","COMPARATIVE BIOMEDICAL SCIENCES, PH.D.",2023-07-20,21:27:00,2,2023-07-20 21:27:00
"258","ENVIRONMENTAL CHEMISTRY AND TECHNOLOGY, PH.D.",2023-07-20,21:27:00,4,2023-07-20 21:27:00
"259","GEOSCIENCE, PH.D.",2023-07-20,21:27:00,5,2023-07-20 21:27:00
"260","FRESHWATER AND MARINE SCIENCE, PH.D.",2023-07-20,21:27:00,4,2023-07-20 21:27:00
"261","ENGINEERING MECHANICS, PH.D.",2023-07-20,21:27:00,3,2023-07-20 21:27:00
"262","BIOMEDICAL DATA SCIENCE, PH.D.",2023-07-20,21:27:00,4,2023-07-20 21:27:00
"263","BUSINESS: OPERATIONS AND INFORMATION MANAGEMENT, PH.D.",2023-07-20,21:27:00,3,2023-07-20 21:27:00
"264","CELLULAR AND MOLECULAR PATHOLOGY, PH.D.",2023-07-20,21:27:00,3,2023-07-20 21:27:00
"265","PHYSICS, PH.D.",2023-07-20,21:27:00,3,2023-07-20 21:27:00
"266","ASTRONOMY, PH.D.",2023-07-20,21:27:00,2,2023-07-20 21:27:00
"267","MOLECULAR AND ENVIRONMENTAL TOXICOLOGY, PH.D.",2023-07-20,21:27:00,4,2023-07-20 21:27:00
"268","GEOLOGICAL ENGINEERING, PH.D.",2023-07-20,21:27:00,2,2023-07-20 21:27:00
"269","BUSINESS: INSURANCE ECONOMICS AND ACTUARIAL ANALYTICS, PH.D.",2023-07-20,21:27:00,3,2023-07-20 21:27:00
"270","NEUROSCIENCE, PH.D.",2023-07-20,21:27:00,3,2023-07-20 21:27:00
"271","ENDOCRINOLOGY-REPRODUCTIVE PHYSIOLOGY, PH.D.",2023-07-20,21:27:00,1,2023-07-20 21:27:00
"272","BOTANY, PH.D.",2023-07-20,21:27:00,4,2023-07-20 21:27:00
"273","INDUSTRIAL ENGINEERING, PH.D.",2023-07-20,21:27:00,4,2023-07-20 21:27:00
"274","INTEGRATIVE BIOLOGY, PH.D.",2023-07-20,21:27:00,5,2023-07-20 21:27:00
"275","NURSING PRACTICE, DNP",2023-07-20,21:27:00,1,2023-07-20 21:27:00
"276","BUSINESS: FINANCE, PH.D.",2023-07-20,21:27:00,3,2023-07-20 21:27:00
"277","FORESTRY, PH.D.",2023-07-20,21:27:00,5,2023-07-20 21:27:00
"278","HORTICULTURE, PH.D.",2023-07-20,21:27:00,4,2023-07-20 21:27:00
"279","EPIDEMIOLOGY, PH.D.",2023-07-20,21:27:00,3,2023-07-20 21:27:00
"280","ENVIRONMENT AND RESOURCES, PH.D.",2023-07-20,21:27:00,5,2023-07-20 21:27:00
"281","AGRICULTURAL AND APPLIED ECONOMICS",2023-07-20,21:27:00,5,2023-07-20 21:27:00
"282","HEALTH SERVICES RESEARCH IN PHARMACY, PH.D.",2023-07-20,21:27:00,2,2023-07-20 21:27:00
"283","ATMOSPHERIC AND OCEANIC SCIENCES, PH.D.",2023-07-20,21:27:00,5,2023-07-20 21:27:00
"284","BIOLOGICAL SYSTEMS ENGINEERING, PH.D.",2023-07-20,21:27:00,4,2023-07-20 21:27:00
"285","STATISTICS, PH.D.",2023-07-20,21:27:00,5,2023-07-20 21:27:00
"286","ENTOMOLOGY, PH.D.",2023-07-20,21:27:00,5,2023-07-20 21:27:00
"287","GEOGRAPHY, PH.D.",2023-07-20,21:27:00,5,2023-07-20 21:27:00
"288","BIOCHEMISTRY, PH.D.",2023-07-20,21:27:00,4,2023-07-20 21:27:00
"289","MATHEMATICS, PH.D.",2023-07-20,21:27:00,3,2023-07-20 21:27:00
"290","BIOPHYSICS, PH.D.",2023-07-20,21:27:00,4,2023-07-20 21:27:00
"291","SOIL SCIENCE, PH.D.",2023-07-20,21:27:00,4,2023-07-20 21:27:00
"292","HUMAN ECOLOGY, PH.D.",2023-07-20,21:27:00,4,2023-07-20 21:27:00
"293","PLANT BREEDING AND PLANT GENETICS, PH.D",2023-07-20,21:27:00,4,2023-07-20 21:27:00
"294","MICROBIOLOGY, PH.D.",2023-07-20,21:27:00,3,2023-07-20 21:27:00
"295","BIOMEDICAL ENGINEERING, PH.D.",2023-07-20,21:27:00,4,2023-07-20 21:27:00
"296","GENETICS, PH.D.",2023-07-20,21:27:00,4,2023-07-20 21:27:00
"297","COMPUTER SCIENCES, PH.D.",2023-07-20,21:27:00,5,2023-07-20 21:27:00
"298","FOOD SCIENCE, PH.D.",2023-07-20,21:27:00,3,2023-07-20 21:27:00
"299","NUCLEAR ENGINEERING AND ENGINEERING PHYSICS, PH.D.",2023-07-20,21:27:00,2,2023-07-20 21:27:00
"300","CIVIL AND ENVIRONMENTAL ENGINEERING, PH.D.",2023-07-20,21:27:00,4,2023-07-20 21:27:00
"301","AGRONOMY, PH.D.",2023-07-20,21:27:00,4,2023-07-20 21:27:00
"302","POPULATION HEALTH, PH.D.",2023-07-20,21:27:00,3,2023-07-20 21:27:00
"303","PLANT PATHOLOGY, PH.D.",2023-07-20,21:27:00,4,2023-07-20 21:27:00
"304","MECHANICAL ENGINEERING, PH.D.",2023-07-20,21:27:00,2,2023-07-20 21:27:00
"305","CELLULAR AND MOLECULAR BIOLOGY, PH.D.",2023-07-20,21:27:00,3,2023-07-20 21:27:00
"306","CLINICAL INVESTIGATION, PH.D.",2023-07-20,21:27:00,1,2023-07-20 21:27:00
"307","CHEMICAL ENGINEERING, PH.D.",2023-07-20,21:27:00,2,2023-07-20 21:27:00
"308","CANCER BIOLOGY, PH.D.",2023-07-20,21:27:00,4,2023-07-20 21:27:00
"309","CHEMISTRY, PH.D.",2023-07-20,21:27:00,2,2023-07-20 21:27:00
"310","ECONOMICS, PH.D.",2023-07-20,21:27:00,4,2023-07-20 21:27:00
"311","MOLECULAR AND ENVIRONMENTAL TOXICOLOGY, PH.D.",2023-07-21,10:32:00,3,2023-07-21 10:32:00
"312","CHEMICAL ENGINEERING, PH.D.",2023-07-21,10:32:00,2,2023-07-21 10:32:00
"313","BIOPHYSICS, PH.D.",2023-07-21,10:32:00,3,2023-07-21 10:32:00
"314","EPIDEMIOLOGY, PH.D.",2023-07-21,10:32:00,2,2023-07-21 10:32:00
"315","ECONOMICS, PH.D.",2023-07-21,10:32:00,4,2023-07-21 10:32:00
"316","ENTOMOLOGY, PH.D.",2023-07-21,10:32:00,5,2023-07-21 10:32:00
"317","NURSING, PH.D.",2023-07-21,10:32:00,1,2023-07-21 10:32:00
"318","AGRONOMY, PH.D.",2023-07-21,10:32:00,3,2023-07-21 10:32:00
"319","CIVIL AND ENVIRONMENTAL ENGINEERING, PH.D.",2023-07-21,10:32:00,4,2023-07-21 10:32:00
"320","NEUROSCIENCE, PH.D.",2023-07-21,10:32:00,3,2023-07-21 10:32:00
"321","ENVIRONMENTAL CHEMISTRY AND TECHNOLOGY, PH.D.",2023-07-21,10:32:00,4,2023-07-21 10:32:00
"322","HORTICULTURE, PH.D.",2023-07-21,10:32:00,4,2023-07-21 10:32:00
"323","STATISTICS, PH.D.",2023-07-21,10:32:00,5,2023-07-21 10:32:00
"324","BIOMEDICAL DATA SCIENCE, PH.D.",2023-07-21,10:32:00,4,2023-07-21 10:32:00
"325","MEDICAL PHYSICS, PH.D.",2023-07-21,10:32:00,2,2023-07-21 10:32:00
"326","INFORMATION, PH.D.",2023-07-21,10:32:00,1,2023-07-21 10:32:00
"327","BIOMEDICAL ENGINEERING, PH.D.",2023-07-21,10:32:00,4,2023-07-21 10:32:00
"328","COMPUTER SCIENCES, PH.D.",2023-07-21,10:32:00,5,2023-07-21 10:32:00
"329","ENVIRONMENT AND RESOURCES, PH.D.",2023-07-21,10:32:00,5,2023-07-21 10:32:00
"330","BOTANY, PH.D.",2023-07-21,10:32:00,3,2023-07-21 10:32:00
"331","BIOCHEMISTRY, PH.D.",2023-07-21,10:32:00,2,2023-07-21 10:32:00
"332","FRESHWATER AND MARINE SCIENCE, PH.D.",2023-07-21,10:32:00,3,2023-07-21 10:32:00
"333","POPULATION HEALTH, PH.D.",2023-07-21,10:32:00,2,2023-07-21 10:32:00
"334","AGRICULTURAL AND APPLIED ECONOMICS",2023-07-21,10:32:00,4,2023-07-21 10:32:00
"335","PLANT BREEDING AND PLANT GENETICS, PH.D",2023-07-21,10:32:00,4,2023-07-21 10:32:00
"336","HEALTH SERVICES RESEARCH IN PHARMACY, PH.D.",2023-07-21,10:32:00,2,2023-07-21 10:32:00
"337","PHARMACEUTICAL SCIENCES, PH.D.",2023-07-21,10:32:00,1,2023-07-21 10:32:00
"338","BUSINESS: ACCOUNTING, PH.D.",2023-07-21,10:32:00,3,2023-07-21 10:32:00
"339","ENDOCRINOLOGY-REPRODUCTIVE PHYSIOLOGY, PH.D.",2023-07-21,10:32:00,1,2023-07-21 10:32:00
"340","CELLULAR AND MOLECULAR PATHOLOGY, PH.D.",2023-07-21,10:32:00,3,2023-07-21 10:32:00
"341","BUSINESS: OPERATIONS AND INFORMATION MANAGEMENT, PH.D.",2023-07-21,10:32:00,3,2023-07-21 10:32:00
"342","WILDLIFE ECOLOGY, PH.D.",2023-07-21,10:32:00,4,2023-07-21 10:32:00
"343","HUMAN ECOLOGY, PH.D.",2023-07-21,10:32:00,4,2023-07-21 10:32:00
"344","ASTRONOMY, PH.D.",2023-07-21,10:32:00,2,2023-07-21 10:32:00
"345","NUCLEAR ENGINEERING AND ENGINEERING PHYSICS, PH.D.",2023-07-21,10:32:00,2,2023-07-21 10:32:00
"346","ATMOSPHERIC AND OCEANIC SCIENCES, PH.D.",2023-07-21,10:32:00,5,2023-07-21 10:32:00
"347","CANCER BIOLOGY, PH.D.",2023-07-21,10:32:00,3,2023-07-21 10:32:00
"348","INTEGRATIVE BIOLOGY, PH.D.",2023-07-21,10:32:00,5,2023-07-21 10:32:00
"349","PHYSICS, PH.D.",2023-07-21,10:32:00,3,2023-07-21 10:32:00
"350","SOIL SCIENCE, PH.D.",2023-07-21,10:32:00,3,2023-07-21 10:32:00
"351","MATHEMATICS, PH.D.",2023-07-21,10:32:00,3,2023-07-21 10:32:00
"352","MOLECULAR AND CELLULAR PHARMACOLOGY, PH.D.",2023-07-21,10:32:00,2,2023-07-21 10:32:00
"353","ENGINEERING MECHANICS, PH.D.",2023-07-21,10:32:00,2,2023-07-21 10:32:00
"354","MECHANICAL ENGINEERING, PH.D.",2023-07-21,10:32:00,3,2023-07-21 10:32:00
"355","CELLULAR AND MOLECULAR BIOLOGY, PH.D.",2023-07-21,10:32:00,3,2023-07-21 10:32:00
"356","FOOD SCIENCE, PH.D.",2023-07-21,10:32:00,3,2023-07-21 10:32:00
"357","BUSINESS: INSURANCE ECONOMICS AND ACTUARIAL ANALYTICS, PH.D.",2023-07-21,10:32:00,3,2023-07-21 10:32:00
"358","MICROBIOLOGY, PH.D.",2023-07-21,10:32:00,3,2023-07-21 10:32:00
"359","FORESTRY, PH.D.",2023-07-21,10:32:00,5,2023-07-21 10:32:00
"360","GEOLOGICAL ENGINEERING, PH.D.",2023-07-21,10:32:00,2,2023-07-21 10:32:00
"361","GENETICS, PH.D.",2023-07-21,10:32:00,4,2023-07-21 10:32:00
"362","COMPARATIVE BIOMEDICAL SCIENCES, PH.D.",2023-07-21,10:32:00,2,2023-07-21 10:32:00
"363","PLANT PATHOLOGY, PH.D.",2023-07-21,10:32:00,3,2023-07-21 10:32:00
"364","GEOSCIENCE, PH.D.",2023-07-21,10:32:00,5,2023-07-21 10:32:00
"365","BIOLOGICAL SYSTEMS ENGINEERING, PH.D.",2023-07-21,10:32:00,5,2023-07-21 10:32:00
"366","BUSINESS: FINANCE, PH.D.",2023-07-21,10:32:00,3,2023-07-21 10:32:00
"367","INDUSTRIAL ENGINEERING, PH.D.",2023-07-21,10:32:00,4,2023-07-21 10:32:00
"368","CLINICAL INVESTIGATION, PH.D.",2023-07-21,10:32:00,2,2023-07-21 10:32:00
"369","NURSING PRACTICE, DNP",2023-07-21,10:32:00,1,2023-07-21 10:32:00
"370","ELECTRICAL AND COMPUTER ENGINEERING, PH.D.",2023-07-21,10:32:00,4,2023-07-21 10:32:00
"371","CHEMISTRY, PH.D.",2023-07-21,10:32:00,2,2023-07-21 10:32:00
"372","GEOGRAPHY, PH.D.",2023-07-21,10:32:00,4,2023-07-21 10:32:00
"373","AGRICULTURAL AND APPLIED ECONOMICS",2023-07-21,18:15:00,4,2023-07-21 18:15:00
"374","AGRONOMY, PH.D.",2023-07-21,18:15:00,4,2023-07-21 18:15:00
"375","BIOCHEMISTRY, PH.D.",2023-07-21,18:15:00,3,2023-07-21 18:15:00
"376","STATISTICS, PH.D.",2023-07-21,18:15:00,5,2023-07-21 18:15:00
"377","COMPARATIVE BIOMEDICAL SCIENCES, PH.D.",2023-07-21,18:15:00,3,2023-07-21 18:15:00
"378","ENVIRONMENTAL CHEMISTRY AND TECHNOLOGY, PH.D.",2023-07-21,18:15:00,4,2023-07-21 18:15:00
"379","CLINICAL INVESTIGATION, PH.D.",2023-07-21,18:15:00,2,2023-07-21 18:15:00
"380","FORESTRY, PH.D.",2023-07-21,18:15:00,4,2023-07-21 18:15:00
"381","BIOMEDICAL ENGINEERING, PH.D.",2023-07-21,18:15:00,5,2023-07-21 18:15:00
"382","ECONOMICS, PH.D.",2023-07-21,18:15:00,4,2023-07-21 18:15:00
"383","MOLECULAR AND ENVIRONMENTAL TOXICOLOGY, PH.D.",2023-07-21,18:15:00,4,2023-07-21 18:15:00
"384","BUSINESS: FINANCE, PH.D.",2023-07-21,18:15:00,3,2023-07-21 18:15:00
"385","NUCLEAR ENGINEERING AND ENGINEERING PHYSICS, PH.D.",2023-07-21,18:15:00,1,2023-07-21 18:15:00
"386","MICROBIOLOGY, PH.D.",2023-07-21,18:15:00,3,2023-07-21 18:15:00
"387","INDUSTRIAL ENGINEERING, PH.D.",2023-07-21,18:15:00,3,2023-07-21 18:15:00
"388","BUSINESS: ACCOUNTING, PH.D.",2023-07-21,18:15:00,3,2023-07-21 18:15:00
"389","PLANT BREEDING AND PLANT GENETICS, PH.D",2023-07-21,18:15:00,3,2023-07-21 18:15:00
"390","SOIL SCIENCE, PH.D.",2023-07-21,18:15:00,4,2023-07-21 18:15:00
"391","ELECTRICAL AND COMPUTER ENGINEERING, PH.D.",2023-07-21,18:15:00,4,2023-07-21 18:15:00
"392","CHEMISTRY, PH.D.",2023-07-21,18:15:00,2,2023-07-21 18:15:00
"393","BIOPHYSICS, PH.D.",2023-07-21,18:15:00,3,2023-07-21 18:15:00
"394","GEOGRAPHY, PH.D.",2023-07-21,18:15:00,4,2023-07-21 18:15:00
"395","EPIDEMIOLOGY, PH.D.",2023-07-21,18:15:00,3,2023-07-21 18:15:00
"396","POPULATION HEALTH, PH.D.",2023-07-21,18:15:00,3,2023-07-21 18:15:00
"397","BIOMEDICAL DATA SCIENCE, PH.D.",2023-07-21,18:15:00,4,2023-07-21 18:15:00
"398","MOLECULAR AND CELLULAR PHARMACOLOGY, PH.D.",2023-07-21,18:15:00,2,2023-07-21 18:15:00
"399","HORTICULTURE, PH.D.",2023-07-21,18:15:00,4,2023-07-21 18:15:00
"400","NEUROSCIENCE, PH.D.",2023-07-21,18:15:00,3,2023-07-21 18:15:00
"401","HUMAN ECOLOGY, PH.D.",2023-07-21,18:15:00,4,2023-07-21 18:15:00
"402","CELLULAR AND MOLECULAR PATHOLOGY, PH.D.",2023-07-21,18:15:00,3,2023-07-21 18:15:00
"403","FRESHWATER AND MARINE SCIENCE, PH.D.",2023-07-21,18:15:00,4,2023-07-21 18:15:00
"404","ENGINEERING MECHANICS, PH.D.",2023-07-21,18:15:00,2,2023-07-21 18:15:00
"405","MATHEMATICS, PH.D.",2023-07-21,18:15:00,3,2023-07-21 18:15:00
"406","NURSING PRACTICE, DNP",2023-07-21,18:15:00,1,2023-07-21 18:15:00
"407","ENVIRONMENT AND RESOURCES, PH.D.",2023-07-21,18:15:00,5,2023-07-21 18:15:00
"408","CIVIL AND ENVIRONMENTAL ENGINEERING, PH.D.",2023-07-21,18:15:00,5,2023-07-21 18:15:00
"409","BUSINESS: INSURANCE ECONOMICS AND ACTUARIAL ANALYTICS, PH.D.",2023-07-21,18:15:00,3,2023-07-21 18:15:00
"410","ATMOSPHERIC AND OCEANIC SCIENCES, PH.D.",2023-07-21,18:15:00,5,2023-07-21 18:15:00
"411","BOTANY, PH.D.",2023-07-21,18:15:00,3,2023-07-21 18:15:00
"412","ASTRONOMY, PH.D.",2023-07-21,18:15:00,2,2023-07-21 18:15:00
"413","GEOLOGICAL ENGINEERING, PH.D.",2023-07-21,18:15:00,2,2023-07-21 18:15:00
"414","COMPUTER SCIENCES, PH.D.",2023-07-21,18:15:00,5,2023-07-21 18:15:00
"415","ENTOMOLOGY, PH.D.",2023-07-21,18:15:00,5,2023-07-21 18:15:00
"416","MEDICAL PHYSICS, PH.D.",2023-07-21,18:15:00,3,2023-07-21 18:15:00
"417","INFORMATION, PH.D.",2023-07-21,18:15:00,2,2023-07-21 18:15:00
"418","BUSINESS: OPERATIONS AND INFORMATION MANAGEMENT, PH.D.",2023-07-21,18:15:00,4,2023-07-21 18:15:00
"419","ENDOCRINOLOGY-REPRODUCTIVE PHYSIOLOGY, PH.D.",2023-07-21,18:15:00,1,2023-07-21 18:15:00
"420","FOOD SCIENCE, PH.D.",2023-07-21,18:15:00,3,2023-07-21 18:15:00
"421","CELLULAR AND MOLECULAR BIOLOGY, PH.D.",2023-07-21,18:15:00,3,2023-07-21 18:15:00
"422","BIOLOGICAL SYSTEMS ENGINEERING, PH.D.",2023-07-21,18:15:00,4,2023-07-21 18:15:00
"423","PHYSICS, PH.D.",2023-07-21,18:15:00,4,2023-07-21 18:15:00
"424","MECHANICAL ENGINEERING, PH.D.",2023-07-21,18:15:00,3,2023-07-21 18:15:00
"425","PLANT PATHOLOGY, PH.D.",2023-07-21,18:15:00,3,2023-07-21 18:15:00
"426","CHEMICAL ENGINEERING, PH.D.",2023-07-21,18:15:00,2,2023-07-21 18:15:00
"427","PHARMACEUTICAL SCIENCES, PH.D.",2023-07-21,18:15:00,2,2023-07-21 18:15:00
"428","GENETICS, PH.D.",2023-07-21,18:15:00,4,2023-07-21 18:15:00
"429","WILDLIFE ECOLOGY, PH.D.",2023-07-21,18:15:00,5,2023-07-21 18:15:00
"430","GEOSCIENCE, PH.D.",2023-07-21,18:15:00,5,2023-07-21 18:15:00
"431","CANCER BIOLOGY, PH.D.",2023-07-21,18:15:00,3,2023-07-21 18:15:00
"432","INTEGRATIVE BIOLOGY, PH.D.",2023-07-21,18:15:00,5,2023-07-21 18:15:00
"433","NURSING, PH.D.",2023-07-21,18:15:00,1,2023-07-21 18:15:00
"434","HEALTH SERVICES RESEARCH IN PHARMACY, PH.D.",2023-07-21,18:15:00,1,2023-07-21 18:15:00
